UniqueCarrier,FlightNum,Departure_Time,Arrival_Time,Total_Delay,TailNum,Cancelled,Origin,Dest,Distance,DayOfWeek,Delay_ID
OH,5456,2008-01-02 17:35:00,2008-01-02 20:12:00,0,N693CA,0,MCI,CVG,539,3,0
OH,5176,2008-01-08 16:28:00,2008-01-08 19:14:00,0,N378CA,0,MIA,CVG,948,2,0
OH,5086,2008-01-14 09:30:00,2008-01-14 12:06:00,0,N676CA,0,FLL,CVG,932,1,0
OH,5243,2008-01-16 09:35:00,2008-01-16 10:05:00,0,N591SW,0,CVG,BHM,396,3,0
OH,5228,2008-01-18 16:09:00,2008-01-18 19:00:00,0,N689CA,0,MIA,CVG,948,5,0
OH,5250,2008-01-18 18:33:00,2008-01-18 20:09:00,0,N693CA,0,RDU,CVG,390,5,0
OH,4970,2008-01-19 16:15:00,2008-01-19 18:48:00,0,N811CA,0,BHM,CVG,396,6,0
OH,5414,2008-01-20 18:50:00,2008-01-20 20:24:00,0,N590SW,0,BWI,BOS,370,7,0
OH,5593,2008-01-21 17:45:00,2008-01-21 20:00:00,0,N695CA,0,PHL,CVG,507,1,0
OH,5155,2008-01-23 17:37:00,2008-01-23 19:59:00,0,N523CA,0,ATW,CVG,411,3,0
OO,3703,2008-01-05 10:05:00,2008-01-05 11:14:00,0,N236SW,0,SLC,TWF,175,6,0
OO,4007,2008-01-06 19:40:00,2008-01-06 23:25:00,0,N668CA,0,SLC,SAT,1086,7,0
OO,5434,2008-01-14 11:15:00,2008-01-14 12:11:00,0,N251YV,0,LAX,IYK,123,1,0
OO,5718,2008-01-16 13:36:00,2008-01-16 14:18:00,0,N293SW,0,SFO,MOD,78,3,0
OO,5718,2008-01-17 13:36:00,2008-01-17 14:18:00,0,N582SW,0,SFO,MOD,78,4,0
OO,5799,2008-01-17 10:35:00,2008-01-17 11:40:00,0,N564SW,0,PDX,MFR,222,4,0
OO,5790,2008-01-26 16:30:00,2008-01-26 17:24:00,0,N290SW,0,SFO,CIC,153,6,0
OO,4028,2008-01-28 14:05:00,2008-01-28 16:15:00,0,N340CA,0,LIT,SLC,1156,1,0
OO,4053,2008-01-30 08:25:00,2008-01-30 09:36:00,0,N368CA,0,SLC,SEA,689,3,0
OO,5737,2008-01-31 10:25:00,2008-01-31 11:23:00,0,N217SW,0,SFO,CIC,153,4,0
EV,4215,2008-01-20 10:54:00,2008-01-20 12:20:00,0,N970EV,0,ATL,ICT,781,7,0
EV,4277,2008-01-19 21:42:00,2008-01-19 22:20:00,0,N970EV,0,ATL,BTR,449,6,0
EV,4321,2008-01-02 06:35:00,2008-01-02 08:11:00,0,N970EV,0,CAE,CVG,404,3,0
EV,4329,2008-01-21 13:05:00,2008-01-21 14:29:00,0,N885AS,0,ATL,ILM,377,1,0
EV,4359,2008-01-08 20:50:00,2008-01-08 22:04:00,0,N909EV,0,ATL,MSN,707,2,0
EV,4487,2008-01-21 18:20:00,2008-01-21 18:56:00,0,N354CA,0,ATL,BTR,449,1,0
EV,4594,2008-01-03 08:20:00,2008-01-03 10:47:00,0,N834AS,0,BTR,ATL,449,4,0
EV,4665,2008-01-28 09:10:00,2008-01-28 09:33:00,0,N684BR,0,ATL,MOB,302,1,0
EV,4771,2008-01-29 09:35:00,2008-01-29 11:30:00,0,N919EV,0,PHF,ATL,508,2,0
EV,4822,2008-01-10 12:26:00,2008-01-10 13:45:00,0,N885AS,0,GNV,ATL,300,4,0
EV,4881,2008-01-08 16:50:00,2008-01-08 17:46:00,0,N860AS,0,ATL,SHV,552,2,0
F9,868,2008-01-19 07:00:00,2008-01-19 08:43:00,0,N926FR,0,PHX,DEN,602,6,0
AS,162,2008-01-07 20:35:00,2008-01-07 00:15:00,0,N589AS,0,SEA,PHX,1107,1,0
B6,186,2008-01-12 21:20:00,2008-01-12 05:19:00,0,N570JB,0,SAN,JFK,2446,6,0
YV,7337,2008-02-29 14:49:00,2008-02-29 16:27:00,0,N154SF,0,CHS,IAD,441,5,0
OH,5035,2008-02-10 17:44:00,2008-02-10 20:25:00,0,N676CA,0,BOS,CVG,752,7,0
OH,5423,2008-02-10 19:30:00,2008-02-10 21:43:00,0,N443CA,0,CVG,PWM,810,7,0
OH,5092,2008-02-12 16:07:00,2008-02-12 18:44:00,0,N693CA,0,BOS,CVG,752,2,0
OH,5173,2008-02-17 14:10:00,2008-02-17 16:03:00,0,N689CA,0,DCA,CVG,411,7,0
OH,5513,2008-02-20 18:40:00,2008-02-20 20:11:00,0,N679CA,0,CLT,CVG,335,3,0
OH,5169,2008-02-24 15:25:00,2008-02-24 18:28:00,0,N786CA,0,OKC,CVG,756,7,0
OH,5035,2008-02-25 17:42:00,2008-02-25 20:23:00,0,N538CA,0,BOS,CVG,752,1,0
OH,5459,2008-02-26 19:20:00,2008-02-26 20:16:00,0,N941CA,0,CMH,CVG,116,2,0
OH,5315,2008-02-27 17:55:00,2008-02-27 20:41:00,0,N658CA,0,MSP,CVG,596,3,0
OH,5026,2008-02-29 15:28:00,2008-02-29 19:00:00,0,N784CA,0,AUS,CVG,958,5,0
OH,5227,2008-02-29 17:37:00,2008-02-29 20:02:00,0,N487CA,0,HSV,CVG,325,5,0
OO,5436,2008-02-05 15:08:00,2008-02-05 16:32:00,0,N216SW,0,LAX,MRY,267,2,0
OO,3674,2008-02-21 09:40:00,2008-02-21 10:40:00,0,N576SW,0,PIH,SLC,150,4,0
OO,3663,2008-02-23 15:15:00,2008-02-23 16:15:00,0,N576SW,0,SLC,TWF,175,6,0
OO,5514,2008-02-27 20:20:00,2008-02-27 20:55:00,0,N251YV,0,LAX,OXR,49,3,0
OO,5724,2008-02-27 16:05:00,2008-02-27 16:47:00,0,N294SW,0,SFO,MOD,78,3,0
EV,4203,2008-02-25 10:00:00,2008-02-25 11:09:00,0,N885AS,0,ATL,BQK,238,1,0
EV,4235,2008-02-22 17:50:00,2008-02-22 18:40:00,0,N937EV,0,CHA,ATL,106,5,0
EV,4238,2008-02-10 11:42:00,2008-02-10 12:51:00,0,N925EV,0,ATL,FAY,331,7,0
EV,4347,2008-02-13 15:58:00,2008-02-13 17:25:00,0,N920EV,0,ATL,ICT,781,3,0
EV,4416,2008-02-23 10:32:00,2008-02-23 11:59:00,0,N927EV,0,ATL,ROA,357,6,0
EV,4432,2008-02-18 10:05:00,2008-02-18 11:32:00,0,N883AS,0,SDF,ATL,321,1,0
EV,4438,2008-02-07 11:20:00,2008-02-07 13:59:00,0,N979EV,0,LFT,ATL,503,4,0
EV,4438,2008-02-22 11:25:00,2008-02-22 14:04:00,0,N875AS,0,LFT,ATL,503,5,0
EV,4470,2008-02-17 11:52:00,2008-02-17 13:51:00,0,N640AS,0,MGM,ATL,147,7,0
EV,4566,2008-02-20 18:05:00,2008-02-20 20:31:00,0,N740EV,0,ATL,BTV,960,3,0
EV,4796,2008-02-25 11:15:00,2008-02-25 11:22:00,0,N641AS,0,ATL,MGM,147,1,0
EV,4888,2008-02-13 14:45:00,2008-02-13 16:22:00,0,N630AS,0,GNV,ATL,300,3,0
EV,4905,2008-02-26 11:30:00,2008-02-26 11:30:00,0,N854AS,0,ATL,HSV,151,2,0
EV,4926,2008-02-12 14:07:00,2008-02-12 15:29:00,0,N933EV,0,ATL,ROA,357,2,0
F9,777,2008-02-02 09:30:00,2008-02-02 10:26:00,0,N917FR,0,DEN,LAS,629,6,0
F9,791,2008-02-10 06:30:00,2008-02-10 07:41:00,0,N917FR,0,MSP,DEN,680,7,0
WN,1507,2008-01-03 17:55:00,2008-01-03 20:05:00,0,N334SW,0,MCO,BWI,787,4,0
WN,1311,2008-01-03 15:20:00,2008-01-03 16:25:00,0,N605SW,0,OAK,BUR,325,4,0
WN,640,2008-01-03 06:35:00,2008-01-03 07:30:00,0,N399WN,0,RDU,BWI,255,4,0
WN,1747,2008-01-03 18:20:00,2008-01-03 21:10:00,0,N613SW,0,SEA,SLC,689,4,0
WN,504,2008-01-03 15:10:00,2008-01-03 16:10:00,0,N338SW,0,SJC,BUR,296,4,0
WN,1776,2008-01-03 08:35:00,2008-01-03 09:35:00,0,N408WN,0,SJC,BUR,296,4,0
WN,2383,2008-01-03 14:10:00,2008-01-03 15:10:00,0,N608SW,0,SJC,BUR,296,4,0
WN,943,2008-01-03 20:05:00,2008-01-03 21:20:00,0,N609SW,0,SJC,SAN,417,4,0
WN,2965,2008-01-03 14:50:00,2008-01-03 17:00:00,0,N359SW,0,SJC,SEA,697,4,0
WN,73,2008-01-03 13:10:00,2008-01-03 14:30:00,0,N331SW,0,SMF,LAX,373,4,0
WN,1835,2008-01-03 08:25:00,2008-01-03 09:35:00,0,N462WN,0,STL,OMA,342,4,0
WN,66,2008-01-03 07:25:00,2008-01-03 07:40:00,0,N477WN,0,TUS,SAN,367,4,0
WN,1829,2008-01-04 06:25:00,2008-01-04 08:35:00,0,N238WN,0,BNA,HOU,670,5,0
WN,2031,2008-01-04 08:15:00,2008-01-04 09:30:00,0,N334SW,0,BWI,BHM,682,5,0
WN,255,2008-01-04 11:30:00,2008-01-04 14:45:00,0,N388SW,0,DEN,MDW,895,5,0
WN,5,2008-01-04 09:20:00,2008-01-04 10:20:00,0,N519SW,0,HOU,HRL,276,5,0
WN,11,2008-01-04 10:50:00,2008-01-04 11:50:00,0,N777QC,0,HOU,HRL,276,5,0
WN,828,2008-01-04 14:30:00,2008-01-04 15:50:00,0,N411WN,0,OAK,SAN,446,5,0
WN,957,2008-01-04 15:25:00,2008-01-04 16:20:00,0,N504SW,0,PDX,GEG,279,5,0
WN,529,2008-01-04 09:35:00,2008-01-04 10:05:00,0,N369SW,0,PHX,BUR,369,5,0
WN,957,2008-01-04 10:55:00,2008-01-04 11:25:00,0,N504SW,0,PHX,BUR,369,5,0
WN,504,2008-01-04 15:10:00,2008-01-04 16:10:00,0,N600WN,0,SJC,BUR,296,5,0
WN,740,2008-01-04 18:10:00,2008-01-04 19:20:00,0,N411WN,0,SMF,BUR,358,5,0
WN,957,2008-01-04 13:30:00,2008-01-04 15:00:00,0,N504SW,0,SMF,PDX,479,5,0
WN,2118,2008-01-04 12:40:00,2008-01-04 14:20:00,0,N334SW,0,TPA,MDW,997,5,0
WN,133,2008-01-05 14:30:00,2008-01-05 17:05:00,0,N470WN,0,BNA,BWI,588,6,0
WN,3659,2008-01-05 13:45:00,2008-01-05 14:50:00,0,N245WN,0,GEG,PDX,279,6,0
WN,531,2008-01-05 08:30:00,2008-01-05 10:20:00,0,N676SW,0,MCO,MDW,989,6,0
WN,1192,2008-01-05 14:00:00,2008-01-05 16:20:00,0,N734SA,0,MDW,MSY,825,6,0
WN,734,2008-01-05 15:45:00,2008-01-05 16:05:00,0,N623SW,0,PHX,BUR,369,6,0
WN,2383,2008-01-05 14:10:00,2008-01-05 15:10:00,0,N425LV,0,SJC,BUR,296,6,0
WN,460,2008-01-06 19:45:00,2008-01-06 20:35:00,0,N501SW,0,DAL,OKC,181,7,0
WN,521,2008-01-06 10:05:00,2008-01-06 11:05:00,0,N694SW,0,HOU,MSY,303,7,0
WN,136,2008-01-06 08:25:00,2008-01-06 09:25:00,0,N622SW,0,LAS,BUR,223,7,0
WN,346,2008-01-06 16:15:00,2008-01-06 17:20:00,0,N309SW,0,OAK,BUR,325,7,0
WN,1311,2008-01-06 15:20:00,2008-01-06 16:25:00,0,N684WN,0,OAK,BUR,325,7,0
WN,2459,2008-01-06 10:35:00,2008-01-06 11:40:00,0,N323SW,0,OAK,BUR,325,7,0
WN,2614,2008-01-06 12:20:00,2008-01-06 13:25:00,0,N253WN,0,OAK,BUR,325,7,0
WN,286,2008-01-06 09:15:00,2008-01-06 10:55:00,0,N734SA,0,OAK,PDX,543,7,0
WN,154,2008-01-06 11:05:00,2008-01-06 14:20:00,0,N486WN,0,PHX,AUS,872,7,0
WN,325,2008-01-06 19:55:00,2008-01-06 20:55:00,0,N466WN,0,SJC,BUR,296,7,0
WN,2383,2008-01-06 14:10:00,2008-01-06 15:10:00,0,N218WN,0,SJC,BUR,296,7,0
WN,2645,2008-01-06 16:45:00,2008-01-06 17:40:00,0,N692SW,0,SJC,RNO,188,7,0
WN,460,2008-01-07 19:45:00,2008-01-07 20:35:00,0,N501SW,0,DAL,OKC,181,1,0
WN,33,2008-01-07 15:50:00,2008-01-07 16:50:00,0,N513SW,0,HOU,HRL,276,1,0
WN,43,2008-01-07 11:10:00,2008-01-07 15:10:00,0,N763SW,0,LAS,MAF,796,1,0
WN,3137,2008-01-07 21:05:00,2008-01-07 22:50:00,0,N358SW,0,MCO,MDW,989,1,0
WN,1188,2008-01-07 14:30:00,2008-01-07 16:55:00,0,N450WN,0,MDW,SAN,1728,1,0
WN,2732,2008-01-07 19:30:00,2008-01-07 20:35:00,0,N335SW,0,OAK,BUR,325,1,0
WN,2525,2008-01-07 15:50:00,2008-01-07 17:15:00,0,N228WN,0,OAK,SAN,446,1,0
WN,1321,2008-01-07 07:55:00,2008-01-07 09:05:00,0,N305SW,0,SMF,BUR,358,1,0
WN,112,2008-01-08 11:10:00,2008-01-08 13:05:00,0,N501SW,0,BHM,DAL,587,2,0
WN,6,2008-01-08 07:30:00,2008-01-08 08:25:00,0,N520SW,0,HOU,DAL,239,2,0
WN,5,2008-01-08 09:20:00,2008-01-08 10:20:00,0,N611SW,0,HOU,HRL,276,2,0
WN,2273,2008-01-08 20:40:00,2008-01-08 21:55:00,0,N617SW,0,LAS,RNO,345,2,0
WN,734,2008-01-08 15:45:00,2008-01-08 16:05:00,0,N651SW,0,PHX,BUR,369,2,0
WN,3323,2008-01-08 21:35:00,2008-01-08 21:55:00,0,N724SW,0,PHX,BUR,369,2,0
WN,3513,2008-01-08 16:00:00,2008-01-08 17:50:00,0,N290WN,0,RNO,SAN,488,2,0
WN,2203,2008-01-08 07:50:00,2008-01-08 09:05:00,0,N665WN,0,SJC,SAN,417,2,0
WN,3949,2008-01-09 12:10:00,2008-01-09 13:00:00,0,N395SW,0,AUS,DAL,189,3,0
WN,3237,2008-01-09 16:15:00,2008-01-09 17:20:00,0,N231WN,0,BUR,SJC,296,3,0
WN,127,2008-01-09 09:25:00,2008-01-09 10:30:00,0,N451WN,0,BWI,BUF,281,3,0
WN,1328,2008-01-09 13:55:00,2008-01-09 15:00:00,0,N399WN,0,LAS,BUR,223,3,0
WN,1586,2008-01-09 10:50:00,2008-01-09 11:55:00,0,N746SW,0,LAS,BUR,223,3,0
WN,376,2008-01-09 07:10:00,2008-01-09 08:30:00,0,N391SW,0,LAS,RNO,345,3,0
WN,75,2008-01-09 13:45:00,2008-01-09 16:00:00,0,N326SW,0,LAX,TUS,451,3,0
WN,2298,2008-01-09 07:55:00,2008-01-09 09:35:00,0,N715SW,0,MCI,SAN,1333,3,0
WN,2019,2008-01-09 10:55:00,2008-01-09 13:00:00,0,N695SW,0,MDW,SDF,271,3,0
WN,481,2008-01-09 14:45:00,2008-01-09 15:50:00,0,N278WN,0,OAK,BUR,325,3,0
WN,1171,2008-01-09 09:30:00,2008-01-09 10:35:00,0,N606SW,0,OAK,BUR,325,3,0
WN,1219,2008-01-09 17:05:00,2008-01-09 18:10:00,0,N746SW,0,OAK,BUR,325,3,0
WN,957,2008-01-09 10:55:00,2008-01-09 11:25:00,0,N348SW,0,PHX,BUR,369,3,0
WN,410,2008-01-09 20:40:00,2008-01-09 22:05:00,0,N334SW,0,SLC,DEN,391,3,0
WN,1120,2008-01-09 12:25:00,2008-01-09 13:35:00,0,N654SW,0,SMF,BUR,358,3,0
WN,66,2008-01-09 07:25:00,2008-01-09 07:40:00,0,N383SW,0,TUS,SAN,367,3,0
WN,87,2008-01-10 06:55:00,2008-01-10 09:30:00,0,N330SW,0,ABQ,DAL,580,4,0
WN,870,2008-01-10 17:40:00,2008-01-10 20:10:00,0,N600WN,0,AUS,MDW,972,4,0
WN,43,2008-01-10 17:00:00,2008-01-10 18:00:00,0,N669SW,0,DAL,HOU,239,4,0
WN,1628,2008-01-10 07:35:00,2008-01-10 08:35:00,0,N473WN,0,HOU,HRL,276,4,0
WN,136,2008-01-10 08:25:00,2008-01-10 09:25:00,0,N674AA,0,LAS,BUR,223,4,0
WN,1072,2008-01-10 19:10:00,2008-01-10 20:10:00,0,N302SW,0,LAS,BUR,223,4,0
WN,914,2008-01-10 09:15:00,2008-01-10 10:15:00,0,N603SW,0,MAF,DAL,319,4,0
WN,3155,2008-01-10 14:55:00,2008-01-10 16:40:00,0,N334SW,0,MCI,LAX,1363,4,0
WN,1311,2008-01-10 15:20:00,2008-01-10 16:25:00,0,N327SW,0,OAK,BUR,325,4,0
WN,2550,2008-01-10 17:50:00,2008-01-10 18:55:00,0,N415WN,0,OAK,BUR,325,4,0
WN,3772,2008-01-10 08:05:00,2008-01-10 09:10:00,0,N900WN,0,OAK,BUR,325,4,0
WN,1760,2008-01-10 16:55:00,2008-01-10 17:45:00,0,N608SW,0,OKC,DAL,181,4,0
WN,529,2008-01-10 09:35:00,2008-01-10 10:05:00,0,N301SW,0,PHX,BUR,369,4,0
WN,730,2008-01-10 13:00:00,2008-01-10 18:25:00,0,N434WN,0,SEA,MCI,1489,4,0
WN,1500,2008-01-10 17:40:00,2008-01-10 18:40:00,0,N252WN,0,SJC,BUR,296,4,0
WN,1321,2008-01-10 07:55:00,2008-01-10 09:05:00,0,N485WN,0,SMF,BUR,358,4,0
WN,1135,2008-01-10 12:30:00,2008-01-10 13:25:00,0,N397SW,0,TUL,DAL,237,4,0
WN,2183,2008-01-11 16:05:00,2008-01-11 18:20:00,0,N521SW,0,BNA,HOU,670,5,0
WN,59,2008-01-11 21:00:00,2008-01-11 22:00:00,0,N505SW,0,DAL,HOU,239,5,0
WN,2635,2008-01-11 13:00:00,2008-01-11 15:30:00,0,N285WN,0,ELP,DAL,562,5,0
WN,11,2008-01-11 10:50:00,2008-01-11 11:50:00,0,N364SW,0,HOU,HRL,276,5,0
WN,27,2008-01-11 14:20:00,2008-01-11 15:20:00,0,N512SW,0,HOU,HRL,276,5,0
WN,1586,2008-01-11 10:50:00,2008-01-11 11:55:00,0,N644SW,0,LAS,BUR,223,5,0
WN,2298,2008-01-11 07:55:00,2008-01-11 09:35:00,0,N318SW,0,MCI,SAN,1333,5,0
WN,957,2008-01-11 10:55:00,2008-01-11 11:25:00,0,N510SW,0,PHX,BUR,369,5,0
WN,3323,2008-01-11 21:35:00,2008-01-11 21:55:00,0,N755SA,0,PHX,BUR,369,5,0
WN,3681,2008-01-11 07:20:00,2008-01-11 07:45:00,0,N623SW,0,PHX,BUR,369,5,0
WN,123,2008-01-11 14:05:00,2008-01-11 14:10:00,0,N295WN,0,PHX,SAN,304,5,0
WN,2442,2008-01-11 14:55:00,2008-01-11 15:00:00,0,N482WN,0,PHX,SAN,304,5,0
WN,617,2008-01-11 08:30:00,2008-01-11 09:20:00,0,N365SW,0,SAT,HRL,233,5,0
WN,1156,2008-01-11 11:10:00,2008-01-11 12:35:00,0,N333SW,0,SMF,SAN,480,5,0
WN,3426,2008-01-12 10:40:00,2008-01-12 11:45:00,0,N614SW,0,BUR,SJC,296,6,0
WN,390,2008-01-12 19:30:00,2008-01-12 20:50:00,0,N635SW,0,DTW,BWI,408,6,0
WN,1314,2008-01-12 11:05:00,2008-01-12 12:35:00,0,N413WN,0,HOU,SAN,1312,6,0
WN,35,2008-01-12 13:40:00,2008-01-12 14:40:00,0,N513SW,0,LBB,DAL,293,6,0
WN,2199,2008-01-12 18:15:00,2008-01-12 21:00:00,0,N299WN,0,MDW,SJC,1838,6,0
WN,2459,2008-01-12 10:35:00,2008-01-12 11:40:00,0,N615SW,0,OAK,BUR,325,6,0
WN,2614,2008-01-12 12:20:00,2008-01-12 13:25:00,0,N353SW,0,OAK,BUR,325,6,0
WN,1600,2008-01-12 16:10:00,2008-01-12 16:15:00,0,N304SW,0,PHX,SAN,304,6,0
WN,71,2008-01-12 07:35:00,2008-01-12 08:45:00,0,N692SW,0,SAN,LAS,258,6,0
WN,713,2008-01-12 10:00:00,2008-01-12 10:45:00,0,N326SW,0,SAT,HOU,192,6,0
WN,1852,2008-01-13 13:25:00,2008-01-13 14:10:00,0,N502SW,0,DAL,ELP,562,7,0
WN,47,2008-01-13 18:00:00,2008-01-13 19:00:00,0,N523SW,0,DAL,HOU,239,7,0
WN,2186,2008-01-13 06:40:00,2008-01-13 08:50:00,0,N765SW,0,GEG,OAK,723,7,0
WN,2001,2008-01-13 13:55:00,2008-01-13 15:00:00,0,N334SW,0,GEG,PDX,279,7,0
WN,38,2008-01-13 15:30:00,2008-01-13 16:25:00,0,N604SW,0,HOU,DAL,239,7,0
WN,2001,2008-01-13 19:05:00,2008-01-13 00:15:00,0,N334SW,0,LAX,MCI,1363,7,0
WN,78,2008-01-13 08:15:00,2008-01-13 09:15:00,0,N343SW,0,LBB,DAL,293,7,0
WN,542,2008-01-13 06:45:00,2008-01-13 08:20:00,0,N237WN,0,MCO,RDU,534,7,0
WN,1102,2008-01-13 15:05:00,2008-01-13 16:15:00,0,N676SW,0,ONT,SJC,333,7,0
WN,118,2008-01-13 13:40:00,2008-01-13 14:50:00,0,N216WR,0,SMF,BUR,358,7,0
WN,1327,2008-01-13 19:35:00,2008-01-13 20:45:00,0,N399WN,0,SMF,BUR,358,7,0
WN,3133,2008-01-13 18:10:00,2008-01-13 19:20:00,0,N756SA,0,SMF,BUR,358,7,0
WN,485,2008-01-13 10:35:00,2008-01-13 12:05:00,0,N334SW,0,SMF,PDX,479,7,0
WN,27,2008-01-14 13:00:00,2008-01-14 14:00:00,0,N366SW,0,DAL,HOU,239,1,0
WN,3326,2008-01-14 13:15:00,2008-01-14 15:50:00,0,N678AA,0,FLL,BWI,925,1,0
WN,5,2008-01-14 09:20:00,2008-01-14 10:20:00,0,N522SW,0,HOU,HRL,276,1,0
WN,55,2008-01-14 21:25:00,2008-01-14 22:20:00,0,N687SW,0,HOU,HRL,276,1,0
WN,1628,2008-01-14 07:35:00,2008-01-14 08:35:00,0,N600WN,0,HOU,HRL,276,1,0
WN,114,2008-01-14 20:55:00,2008-01-14 21:55:00,0,N200WN,0,LAS,BUR,223,1,0
WN,1758,2008-01-14 13:10:00,2008-01-14 14:15:00,0,N269WN,0,LAS,BUR,223,1,0
WN,1923,2008-01-14 07:45:00,2008-01-14 08:45:00,0,N713SW,0,LAS,BUR,223,1,0
WN,1276,2008-01-14 15:30:00,2008-01-14 16:55:00,0,N490WN,0,LAS,SJC,386,1,0
WN,787,2008-01-14 16:55:00,2008-01-14 18:00:00,0,N478WN,0,OAK,BUR,325,1,0
WN,989,2008-01-14 08:15:00,2008-01-14 09:20:00,0,N468WN,0,OAK,BUR,325,1,0
WN,2959,2008-01-14 15:10:00,2008-01-14 16:15:00,0,N449WN,0,OAK,BUR,325,1,0
WN,2560,2008-01-14 19:30:00,2008-01-14 20:50:00,0,N334SW,0,OMA,MDW,423,1,0
WN,1470,2008-01-14 18:05:00,2008-01-14 19:30:00,0,N325SW,0,RNO,SAN,488,1,0
WN,2530,2008-01-14 18:25:00,2008-01-14 20:50:00,0,N616SW,0,SEA,LAS,866,1,0
WN,3775,2008-01-14 19:35:00,2008-01-14 20:35:00,0,N644SW,0,SJC,BUR,296,1,0
WN,3860,2008-01-14 08:25:00,2008-01-14 09:25:00,0,N422WN,0,SJC,BUR,296,1,0
WN,906,2008-01-14 07:15:00,2008-01-14 08:25:00,0,N766SW,0,SMF,BUR,358,1,0
WN,2097,2008-01-14 10:40:00,2008-01-14 11:50:00,0,N713SW,0,SMF,BUR,358,1,0
WN,1518,2008-01-14 08:05:00,2008-01-14 09:15:00,0,N515SW,0,STL,OMA,342,1,0
WN,37,2008-01-15 14:00:00,2008-01-15 15:05:00,0,N502SW,0,AMA,DAL,324,2,0
WN,1376,2008-01-15 12:55:00,2008-01-15 13:55:00,0,N312SW,0,DAL,SAT,248,2,0
WN,20,2008-01-15 11:00:00,2008-01-15 11:55:00,0,N502SW,0,HOU,DAL,239,2,0
WN,798,2008-01-15 15:15:00,2008-01-15 17:35:00,0,N605SW,0,LAS,SLC,368,2,0
WN,895,2008-01-15 10:15:00,2008-01-15 11:20:00,0,N444WN,0,OAK,BUR,325,2,0
WN,1389,2008-01-15 07:05:00,2008-01-15 08:30:00,0,N368SW,0,OAK,SAN,446,2,0
WN,3163,2008-01-15 13:05:00,2008-01-15 14:25:00,0,N403WN,0,SAN,SJC,417,2,0
WN,1352,2008-01-15 09:50:00,2008-01-15 10:50:00,0,N903WN,0,SJC,BUR,296,2,0
WN,118,2008-01-15 13:40:00,2008-01-15 14:50:00,0,N450WN,0,SMF,BUR,358,2,0
WN,1327,2008-01-15 19:35:00,2008-01-15 20:45:00,0,N492WN,0,SMF,BUR,358,2,0
WN,2193,2008-01-15 09:50:00,2008-01-15 11:00:00,0,N762SW,0,SMF,BUR,358,2,0
WN,375,2008-01-16 20:20:00,2008-01-16 22:45:00,0,N485WN,0,ABQ,DAL,580,3,0
WN,2374,2008-01-16 20:45:00,2008-01-16 23:05:00,0,N343SW,0,BNA,RDU,443,3,0
WN,27,2008-01-16 14:20:00,2008-01-16 15:20:00,0,N501SW,0,HOU,HRL,276,3,0
WN,1387,2008-01-16 08:45:00,2008-01-16 09:35:00,0,N339SW,0,HOU,SAT,192,3,0
WN,3334,2008-01-16 15:50:00,2008-01-16 17:15:00,0,N679AA,0,LAS,RNO,345,3,0
WN,959,2008-01-16 19:50:00,2008-01-16 20:50:00,0,N501SW,0,MAF,DAL,319,3,0
WN,1410,2008-01-16 15:00:00,2008-01-16 17:10:00,0,N676SW,0,MCI,SEA,1489,3,0
WN,123,2008-01-16 20:35:00,2008-01-16 23:35:00,0,N522SW,0,MDW,MHT,838,3,0
WN,3758,2008-01-16 21:15:00,2008-01-16 22:40:00,0,N365SW,0,MSY,DAL,437,3,0
WN,989,2008-01-16 08:15:00,2008-01-16 09:20:00,0,N245WN,0,OAK,BUR,325,3,0
WN,2959,2008-01-16 15:10:00,2008-01-16 16:15:00,0,N762SW,0,OAK,BUR,325,3,0
WN,1401,2008-01-16 16:45:00,2008-01-16 18:45:00,0,N600WN,0,PDX,BOI,344,3,0
WN,1500,2008-01-16 12:40:00,2008-01-16 13:15:00,0,N244WN,0,PHX,BUR,369,3,0
WN,456,2008-01-16 19:00:00,2008-01-16 20:25:00,0,N750SA,0,SFO,SAN,447,3,0
WN,523,2008-01-16 11:05:00,2008-01-16 12:05:00,0,N387SW,0,SJC,BUR,296,3,0
WN,3671,2008-01-16 14:40:00,2008-01-16 16:50:00,0,N365SW,0,TPA,CMH,829,3,0
WN,2372,2008-01-17 17:25:00,2008-01-17 18:30:00,0,N415WN,0,ABQ,TUS,321,4,0
WN,3682,2008-01-17 18:20:00,2008-01-17 19:20:00,0,N515SW,0,LAS,SAN,258,4,0
WN,1364,2008-01-17 20:10:00,2008-01-17 21:10:00,0,N692SW,0,LBB,DAL,293,4,0
WN,186,2008-01-17 09:15:00,2008-01-17 10:15:00,0,N622SW,0,MAF,DAL,319,4,0
WN,807,2008-01-17 06:35:00,2008-01-17 07:45:00,0,N466WN,0,OAK,BUR,325,4,0
WN,1848,2008-01-17 18:35:00,2008-01-17 19:40:00,0,N263WN,0,OAK,BUR,325,4,0
WN,3331,2008-01-17 14:50:00,2008-01-17 15:50:00,0,N779SW,0,SJC,BUR,296,4,0
WN,118,2008-01-17 13:40:00,2008-01-17 14:50:00,0,N235WN,0,SMF,BUR,358,4,0
WN,1689,2008-01-17 13:20:00,2008-01-17 14:45:00,0,N244WN,0,SMF,SAN,480,4,0
WN,3516,2008-01-17 12:05:00,2008-01-17 13:30:00,0,N603SW,0,SMF,SAN,480,4,0
WN,1491,2008-01-17 12:55:00,2008-01-17 14:40:00,0,N509SW,0,STL,DAL,546,4,0
WN,1523,2008-01-17 16:20:00,2008-01-17 16:35:00,0,N616SW,0,TUS,LAS,365,4,0
WN,1253,2008-01-17 14:20:00,2008-01-17 14:35:00,0,N683SW,0,TUS,SAN,367,4,0
WN,4,2008-01-18 08:20:00,2008-01-18 09:05:00,0,N521SW,0,DAL,ELP,562,5,0
WN,1625,2008-01-18 20:10:00,2008-01-18 21:10:00,0,N297WN,0,LAS,BUR,223,5,0
WN,1677,2008-01-18 19:05:00,2008-01-18 20:05:00,0,N425LV,0,LAS,BUR,223,5,0
WN,469,2008-01-18 10:10:00,2008-01-18 11:15:00,0,N620SW,0,LAS,SAN,258,5,0
WN,2016,2008-01-18 11:50:00,2008-01-18 13:00:00,0,N616SW,0,MCI,LAS,1140,5,0
WN,2959,2008-01-18 15:10:00,2008-01-18 16:15:00,0,N206WN,0,OAK,BUR,325,5,0
WN,633,2008-01-18 06:40:00,2008-01-18 08:25:00,0,N523SW,0,OAK,PDX,543,5,0
WN,1484,2008-01-18 09:10:00,2008-01-18 10:35:00,0,N208WN,0,OAK,SAN,446,5,0
WN,1388,2008-01-18 08:50:00,2008-01-18 09:15:00,0,N456WN,0,PHX,BUR,369,5,0
WN,898,2008-01-18 08:15:00,2008-01-18 08:15:00,0,N644SW,0,PHX,LAS,256,5,0
WN,3077,2008-01-18 13:15:00,2008-01-18 14:15:00,0,N217JC,0,SJC,BUR,296,5,0
WN,3665,2008-01-19 17:15:00,2008-01-19 19:25:00,0,N265WN,0,BNA,HOU,670,6,0
WN,643,2008-01-19 08:45:00,2008-01-19 11:25:00,0,N422WN,0,BNA,LAX,1797,6,0
WN,103,2008-01-19 18:00:00,2008-01-19 20:45:00,0,N739GB,0,MDW,HOU,937,6,0
WN,2883,2008-01-19 14:20:00,2008-01-19 15:25:00,0,N400WN,0,OAK,BUR,325,6,0
WN,1240,2008-01-19 17:20:00,2008-01-19 17:40:00,0,N232WN,0,PHX,BUR,369,6,0
WN,381,2008-01-19 08:45:00,2008-01-19 09:55:00,0,N288WN,0,SMF,BUR,358,6,0
WN,695,2008-01-19 12:20:00,2008-01-19 13:30:00,0,N645SW,0,SMF,BUR,358,6,0
WN,3313,2008-01-19 15:30:00,2008-01-19 16:55:00,0,N347SW,0,SMF,SAN,480,6,0
WN,3749,2008-01-20 06:55:00,2008-01-20 08:30:00,0,N902WN,0,DAL,BHM,587,7,0
WN,358,2008-01-20 06:50:00,2008-01-20 08:10:00,0,N326SW,0,DTW,BWI,408,7,0
WN,1114,2008-01-20 15:00:00,2008-01-20 16:00:00,0,N251WN,0,HOU,ELP,677,7,0
WN,802,2008-01-20 14:45:00,2008-01-20 17:35:00,0,N370SW,0,LAS,BOI,520,7,0
WN,3927,2008-01-20 09:25:00,2008-01-20 11:45:00,0,N405WN,0,MDW,BUF,468,7,0
WN,787,2008-01-20 16:55:00,2008-01-20 18:00:00,0,N444WN,0,OAK,BUR,325,7,0
WN,700,2008-01-20 14:25:00,2008-01-20 14:50:00,0,N444WN,0,PHX,BUR,369,7,0
WN,2784,2008-01-20 18:30:00,2008-01-20 18:50:00,0,N609SW,0,PHX,BUR,369,7,0
WN,274,2008-01-20 18:25:00,2008-01-20 19:25:00,0,N405WN,0,SJC,BUR,296,7,0
WN,386,2008-01-20 20:50:00,2008-01-20 21:50:00,0,N792SW,0,SJC,BUR,296,7,0
WN,523,2008-01-20 11:05:00,2008-01-20 12:05:00,0,N609SW,0,SJC,BUR,296,7,0
WN,150,2008-01-20 13:50:00,2008-01-20 15:05:00,0,N248WN,0,SJC,SAN,417,7,0
WN,2193,2008-01-20 09:50:00,2008-01-20 11:00:00,0,N401WN,0,SMF,BUR,358,7,0
WN,1194,2008-01-21 20:25:00,2008-01-21 21:40:00,0,N212WN,0,BWI,MHT,377,1,0
WN,28,2008-01-21 13:00:00,2008-01-21 13:55:00,0,N357SW,0,HOU,DAL,239,1,0
WN,1667,2008-01-21 14:00:00,2008-01-21 15:05:00,0,N779SW,0,LAS,BUR,223,1,0
WN,3580,2008-01-21 10:40:00,2008-01-21 11:40:00,0,N275WN,0,LAS,BUR,223,1,0
WN,186,2008-01-21 09:15:00,2008-01-21 10:15:00,0,N646SW,0,MAF,DAL,319,1,0
WN,2883,2008-01-21 14:20:00,2008-01-21 15:25:00,0,N797MX,0,OAK,BUR,325,1,0
WN,2638,2008-01-21 08:05:00,2008-01-21 08:15:00,0,N359SW,0,PHX,SAN,304,1,0
WN,3485,2008-01-21 13:05:00,2008-01-21 14:15:00,0,N440LV,0,PIT,BWI,210,1,0
WN,523,2008-01-21 11:05:00,2008-01-21 12:05:00,0,N465WN,0,SJC,BUR,296,1,0
WN,3077,2008-01-21 13:15:00,2008-01-21 14:15:00,0,N261WN,0,SJC,BUR,296,1,0
WN,381,2008-01-21 08:45:00,2008-01-21 09:55:00,0,N412WN,0,SMF,BUR,358,1,0
WN,1327,2008-01-21 19:35:00,2008-01-21 20:45:00,0,N743SW,0,SMF,BUR,358,1,0
WN,2713,2008-01-22 20:00:00,2008-01-22 20:55:00,0,N392SW,0,AUS,DAL,189,2,0
WN,125,2008-01-22 08:35:00,2008-01-22 10:35:00,0,N363SW,0,BHM,DAL,587,2,0
WN,24,2008-01-22 12:00:00,2008-01-22 12:55:00,0,N510SW,0,HOU,DAL,239,2,0
WN,281,2008-01-22 15:00:00,2008-01-22 16:00:00,0,N482WN,0,LAS,BUR,223,2,0
WN,3921,2008-01-22 09:05:00,2008-01-22 10:05:00,0,N400WN,0,LAS,BUR,223,2,0
WN,2989,2008-01-22 11:30:00,2008-01-22 12:35:00,0,N258WN,0,LAS,SAN,258,2,0
WN,15,2008-01-22 08:40:00,2008-01-22 09:40:00,0,N613SW,0,LBB,DAL,293,2,0
WN,641,2008-01-22 20:35:00,2008-01-22 21:40:00,0,N759GS,0,OAK,BUR,325,2,0
WN,895,2008-01-22 10:15:00,2008-01-22 11:20:00,0,N296WN,0,OAK,BUR,325,2,0
WN,1848,2008-01-22 18:35:00,2008-01-22 19:40:00,0,N453WN,0,OAK,BUR,325,2,0
WN,2628,2008-01-22 19:35:00,2008-01-22 20:40:00,0,N756SA,0,OAK,BUR,325,2,0
WN,174,2008-01-22 12:10:00,2008-01-22 13:30:00,0,N315SW,0,OAK,SAN,446,2,0
WN,1110,2008-01-22 06:00:00,2008-01-22 07:25:00,0,N609SW,0,PDX,SMF,479,2,0
WN,756,2008-01-22 11:00:00,2008-01-22 11:35:00,0,N679AA,0,PHX,BUR,369,2,0
WN,3775,2008-01-22 19:35:00,2008-01-22 20:35:00,0,N739GB,0,SJC,BUR,296,2,0
WN,2967,2008-01-22 12:15:00,2008-01-22 13:25:00,0,N268WN,0,SMF,BUR,358,2,0
WN,2612,2008-01-22 11:50:00,2008-01-22 12:05:00,0,N357SW,0,TUS,SAN,367,2,0
WN,1434,2008-01-23 12:20:00,2008-01-23 13:50:00,0,N676SW,0,BDL,MDW,777,3,0
WN,125,2008-01-23 07:40:00,2008-01-23 08:15:00,0,N603SW,0,MCO,BHM,478,3,0
WN,895,2008-01-23 10:15:00,2008-01-23 11:20:00,0,N724SW,0,OAK,BUR,325,3,0
WN,1407,2008-01-23 09:15:00,2008-01-23 10:20:00,0,N783SW,0,OAK,BUR,325,3,0
WN,756,2008-01-23 11:00:00,2008-01-23 11:35:00,0,N718SW,0,PHX,BUR,369,3,0
WN,3485,2008-01-23 13:05:00,2008-01-23 14:15:00,0,N440LV,0,PIT,BWI,210,3,0
WN,910,2008-01-23 16:50:00,2008-01-23 18:10:00,0,N670SW,0,PVD,BWI,328,3,0
WN,517,2008-01-23 14:50:00,2008-01-23 16:05:00,0,N453WN,0,SNA,SJC,342,3,0
WN,1621,2008-01-23 19:40:00,2008-01-23 21:25:00,0,N258WN,0,STL,DAL,546,3,0
WN,3244,2008-01-23 08:50:00,2008-01-23 10:35:00,0,N700GS,0,STL,DAL,546,3,0
WN,375,2008-01-24 20:20:00,2008-01-24 22:45:00,0,N795SW,0,ABQ,DAL,580,4,0
WN,20,2008-01-24 11:00:00,2008-01-24 11:55:00,0,N514SW,0,HOU,DAL,239,4,0
WN,2989,2008-01-24 11:30:00,2008-01-24 12:35:00,0,N715SW,0,LAS,SAN,258,4,0
WN,3398,2008-01-24 10:05:00,2008-01-24 11:40:00,0,N748SW,0,MHT,BWI,377,4,0
WN,895,2008-01-24 10:15:00,2008-01-24 11:20:00,0,N763SW,0,OAK,BUR,325,4,0
WN,1848,2008-01-24 18:35:00,2008-01-24 19:40:00,0,N426WN,0,OAK,BUR,325,4,0
WN,1338,2008-01-24 18:00:00,2008-01-24 19:15:00,0,N331SW,0,OAK,LAX,337,4,0
WN,1144,2008-01-24 15:10:00,2008-01-24 16:35:00,0,N351SW,0,OAK,SAN,446,4,0
WN,756,2008-01-24 11:00:00,2008-01-24 11:35:00,0,N223WN,0,PHX,BUR,369,4,0
WN,523,2008-01-24 11:05:00,2008-01-24 12:05:00,0,N679AA,0,SJC,BUR,296,4,0
WN,1352,2008-01-24 09:50:00,2008-01-24 10:50:00,0,N496WN,0,SJC,BUR,296,4,0
WN,3331,2008-01-24 14:50:00,2008-01-24 15:50:00,0,N484WN,0,SJC,BUR,296,4,0
WN,3775,2008-01-24 19:35:00,2008-01-24 20:35:00,0,N202WN,0,SJC,BUR,296,4,0
WN,2193,2008-01-24 09:50:00,2008-01-24 11:00:00,0,N206WN,0,SMF,BUR,358,4,0
WN,3775,2008-01-25 20:55:00,2008-01-25 23:10:00,0,N331SW,0,BUR,PHX,369,5,0
WN,27,2008-01-25 14:20:00,2008-01-25 15:20:00,0,N361SW,0,HOU,HRL,276,5,0
WN,18,2008-01-25 09:00:00,2008-01-25 10:00:00,0,N367SW,0,HRL,HOU,276,5,0
WN,281,2008-01-25 15:00:00,2008-01-25 16:00:00,0,N901WN,0,LAS,BUR,223,5,0
WN,307,2008-01-25 07:40:00,2008-01-25 08:40:00,0,N694SW,0,LAS,SAN,258,5,0
WN,3413,2008-01-25 20:15:00,2008-01-25 21:55:00,0,N676SW,0,MDW,BHM,570,5,0
WN,3413,2008-01-25 18:10:00,2008-01-25 19:45:00,0,N676SW,0,MHT,MDW,838,5,0
WN,641,2008-01-25 20:35:00,2008-01-25 21:40:00,0,N226WN,0,OAK,BUR,325,5,0
WN,890,2008-01-25 21:25:00,2008-01-25 22:40:00,0,N229WN,0,SJC,SAN,417,5,0
WN,118,2008-01-25 13:40:00,2008-01-25 14:50:00,0,N482WN,0,SMF,BUR,358,5,0
WN,73,2008-01-26 12:10:00,2008-01-26 13:15:00,0,N325SW,0,DAL,LBB,293,6,0
WN,1446,2008-01-26 10:10:00,2008-01-26 12:55:00,0,N511SW,0,LAX,SLC,590,6,0
WN,35,2008-01-26 13:35:00,2008-01-26 14:35:00,0,N325SW,0,LBB,DAL,293,6,0
WN,47,2008-01-26 16:30:00,2008-01-26 17:30:00,0,N312SW,0,LBB,DAL,293,6,0
WN,989,2008-01-26 08:15:00,2008-01-26 09:20:00,0,N434WN,0,OAK,BUR,325,6,0
WN,609,2008-01-26 16:15:00,2008-01-26 17:05:00,0,N655WN,0,SAT,HOU,192,6,0
WN,1624,2008-01-26 16:30:00,2008-01-26 17:30:00,0,N243WN,0,SJC,BUR,296,6,0
WN,695,2008-01-26 12:20:00,2008-01-26 13:30:00,0,N482WN,0,SMF,BUR,358,6,0
WN,52,2008-01-27 17:45:00,2008-01-27 18:35:00,0,N676SW,0,CRP,HOU,187,7,0
WN,49,2008-01-27 18:30:00,2008-01-27 19:30:00,0,N694SW,0,DAL,HOU,239,7,0
WN,55,2008-01-27 21:25:00,2008-01-27 22:20:00,0,N394SW,0,HOU,HRL,276,7,0
WN,114,2008-01-27 20:55:00,2008-01-27 21:55:00,0,N428WN,0,LAS,BUR,223,7,0
WN,478,2008-01-27 10:15:00,2008-01-27 11:45:00,0,N676SW,0,MCI,DAL,461,7,0
WN,125,2008-01-27 07:40:00,2008-01-27 08:15:00,0,N683SW,0,MCO,BHM,478,7,0
WN,1407,2008-01-27 09:15:00,2008-01-27 10:20:00,0,N435WN,0,OAK,BUR,325,7,0
WN,521,2008-01-27 08:55:00,2008-01-27 12:45:00,0,N318SW,0,OKC,BWI,1180,7,0
WN,1240,2008-01-27 17:20:00,2008-01-27 17:40:00,0,N786SW,0,PHX,BUR,369,7,0
WN,2620,2008-01-27 18:00:00,2008-01-27 19:00:00,0,N606SW,0,RDU,BWI,255,7,0
WN,1620,2008-01-27 18:55:00,2008-01-27 19:45:00,0,N634SW,0,SAT,HRL,233,7,0
WN,821,2008-01-27 21:05:00,2008-01-27 22:20:00,0,N792SW,0,SNA,SJC,342,7,0
WN,2537,2008-01-28 15:05:00,2008-01-28 17:35:00,0,N244WN,0,BNA,SAN,1751,1,0
WN,3921,2008-01-28 09:05:00,2008-01-28 10:05:00,0,N499WN,0,LAS,BUR,223,1,0
WN,2989,2008-01-28 11:30:00,2008-01-28 12:35:00,0,N283WN,0,LAS,SAN,258,1,0
WN,135,2008-01-28 15:45:00,2008-01-28 18:00:00,0,N333SW,0,LAX,TUS,451,1,0
WN,282,2008-01-28 06:10:00,2008-01-28 08:55:00,0,N704SW,0,MDW,BWI,611,1,0
WN,1611,2008-01-28 07:30:00,2008-01-28 08:35:00,0,N227WN,0,OAK,BUR,325,1,0
WN,1630,2008-01-28 06:15:00,2008-01-28 07:40:00,0,N386SW,0,OAK,SAN,446,1,0
WN,2030,2008-01-28 07:00:00,2008-01-28 07:25:00,0,N743SW,0,PHX,BUR,369,1,0
WN,1612,2008-01-28 21:45:00,2008-01-28 21:50:00,0,N342SW,0,PHX,SAN,304,1,0
WN,3394,2008-01-28 09:10:00,2008-01-28 10:10:00,0,N677AA,0,RNO,SJC,188,1,0
WN,2788,2008-01-28 14:50:00,2008-01-28 16:45:00,0,N606SW,0,RSW,MDW,1105,1,0
WN,1681,2008-01-28 14:30:00,2008-01-28 15:55:00,0,N349SW,0,SFO,SAN,447,1,0
WN,3340,2008-01-28 06:55:00,2008-01-28 07:55:00,0,N786SW,0,SJC,BUR,296,1,0
WN,2612,2008-01-28 11:50:00,2008-01-28 12:05:00,0,N326SW,0,TUS,SAN,367,1,0
WN,2038,2008-01-29 19:00:00,2008-01-29 21:35:00,0,N352SW,0,ABQ,DAL,580,2,0
WN,2713,2008-01-29 20:00:00,2008-01-29 20:55:00,0,N359SW,0,AUS,DAL,189,2,0
WN,38,2008-01-29 15:30:00,2008-01-29 16:25:00,0,N350SW,0,HOU,DAL,239,2,0
WN,1677,2008-01-29 19:05:00,2008-01-29 20:05:00,0,N409WN,0,LAS,BUR,223,2,0
WN,1758,2008-01-29 13:10:00,2008-01-29 14:15:00,0,N705SW,0,LAS,BUR,223,2,0
WN,1923,2008-01-29 07:45:00,2008-01-29 08:45:00,0,N775SW,0,LAS,BUR,223,2,0
WN,3580,2008-01-29 10:40:00,2008-01-29 11:40:00,0,N420WN,0,LAS,BUR,223,2,0
WN,1611,2008-01-29 07:30:00,2008-01-29 08:35:00,0,N738CB,0,OAK,BUR,325,2,0
WN,1594,2008-01-29 11:55:00,2008-01-29 12:05:00,0,N639SW,0,PHX,SAN,304,2,0
WN,1470,2008-01-29 18:05:00,2008-01-29 19:30:00,0,N600WN,0,RNO,SAN,488,2,0
WN,1585,2008-01-29 21:15:00,2008-01-29 22:10:00,0,N642WN,0,SAT,DAL,248,2,0
WN,2447,2008-01-29 07:50:00,2008-01-29 08:20:00,0,N367SW,0,SAT,ELP,496,2,0
WN,1620,2008-01-29 18:55:00,2008-01-29 19:45:00,0,N642WN,0,SAT,HRL,233,2,0
WN,1253,2008-01-29 16:45:00,2008-01-29 17:40:00,0,N600WN,0,SJC,RNO,188,2,0
WN,906,2008-01-29 07:15:00,2008-01-29 08:25:00,0,N235WN,0,SMF,BUR,358,2,0
WN,2446,2008-01-30 07:40:00,2008-01-30 11:20:00,0,N380SW,0,ABQ,MDW,1121,3,0
WN,2890,2008-01-30 17:35:00,2008-01-30 18:45:00,0,N444WN,0,ISP,BWI,220,3,0
WN,2542,2008-01-30 15:00:00,2008-01-30 16:25:00,0,N327SW,0,MDW,OMA,423,3,0
WN,3514,2008-01-30 16:00:00,2008-01-30 17:25:00,0,N436WN,0,OAK,SAN,446,3,0
WN,253,2008-01-30 13:50:00,2008-01-30 15:55:00,0,N619SW,0,SDF,TPA,727,3,0
WN,3861,2008-01-30 12:15:00,2008-01-30 13:20:00,0,N785SW,0,SLC,PDX,630,3,0
WN,906,2008-01-30 07:15:00,2008-01-30 08:25:00,0,N415WN,0,SMF,BUR,358,3,0
WN,1219,2008-01-30 20:35:00,2008-01-30 22:40:00,0,N677AA,0,STL,HOU,687,3,0
WN,2612,2008-01-30 11:50:00,2008-01-30 12:05:00,0,N398SW,0,TUS,SAN,367,3,0
WN,2877,2008-01-31 07:00:00,2008-01-31 08:15:00,0,N718SW,0,CLE,BWI,314,4,0
WN,55,2008-01-31 21:25:00,2008-01-31 22:20:00,0,N335SW,0,HOU,HRL,276,4,0
WN,271,2008-01-31 15:25:00,2008-01-31 16:35:00,0,N255WN,0,ISP,BWI,220,4,0
WN,3398,2008-01-31 10:05:00,2008-01-31 11:40:00,0,N269WN,0,MHT,BWI,377,4,0
WN,1464,2008-01-31 17:50:00,2008-01-31 18:55:00,0,N731SA,0,OAK,BUR,325,4,0
WN,1400,2008-01-31 08:20:00,2008-01-31 09:10:00,0,N621SW,0,SAT,HRL,233,4,0
WN,3860,2008-01-31 08:25:00,2008-01-31 09:25:00,0,N432WN,0,SJC,BUR,296,4,0
WN,31,2008-01-31 12:40:00,2008-01-31 13:35:00,0,N512SW,0,TUL,DAL,237,4,0
XE,144,2008-01-07 12:15:00,2008-01-07 13:25:00,0,N11193,0,ONT,MRY,296,1,0
XE,320,2008-01-29 16:00:00,2008-01-29 17:20:00,0,N18557,0,SAT,MSY,495,2,0
XE,502,2008-01-07 11:10:00,2008-01-07 13:53:00,0,N14188,0,RDU,SAT,1225,1,0
XE,54,2008-01-07 15:00:00,2008-01-07 17:05:00,0,N11199,0,MCI,TUS,1036,1,0
XE,7758,2008-01-12 13:45:00,2008-01-12 16:33:00,0,N17169,0,LAX,SEA,954,6,0
XE,98,2008-01-19 10:30:00,2008-01-19 11:49:00,0,N13550,0,LGB,MRY,283,6,0
XE,2165,2008-01-24 18:40:00,2008-01-24 20:55:00,0,N16927,0,CLT,EWR,529,4,0
YV,7096,2008-01-02 15:01:00,2008-01-02 16:16:00,0,N445YV,0,DEN,MTJ,197,3,0
YV,7219,2008-01-02 07:25:00,2008-01-02 09:56:00,0,N521LR,0,ORD,BUF,473,3,0
YV,7067,2008-01-03 15:02:00,2008-01-03 15:59:00,0,N447YV,0,DEN,EGE,121,4,0
YV,7285,2008-01-03 16:49:00,2008-01-03 17:56:00,0,N650ML,0,IAD,SPI,657,4,0
YV,2831,2008-01-03 20:59:00,2008-01-03 21:48:00,0,N915FJ,0,PHX,TUS,110,4,0
YV,7219,2008-01-04 10:30:00,2008-01-04 11:15:00,0,N37342,0,BUF,ORD,473,5,0
YV,7067,2008-01-04 15:02:00,2008-01-04 15:59:00,0,N445YV,0,DEN,EGE,121,5,0
YV,7104,2008-01-04 16:05:00,2008-01-04 17:19:00,0,N454YV,0,DEN,GJT,212,5,0
YV,1007,2008-01-04 19:30:00,2008-01-04 20:10:00,0,N646BR,0,HNL,KOA,163,5,0
YV,7180,2008-01-04 12:17:00,2008-01-04 13:18:00,0,N504MJ,0,IAD,ORF,157,5,0
YV,7260,2008-01-04 22:05:00,2008-01-04 23:05:00,0,N75994,0,IAD,ORF,157,5,0
YV,7160,2008-01-04 09:40:00,2008-01-04 11:56:00,0,N650ML,0,ORD,CAK,344,5,0
YV,7357,2008-01-04 12:37:00,2008-01-04 14:16:00,0,N75992,0,ORD,FSD,462,5,0
YV,7296,2008-01-04 13:55:00,2008-01-04 16:40:00,0,N509MJ,0,ORD,GSO,590,5,0
YV,7496,2008-01-05 14:35:00,2008-01-05 15:35:00,0,N75992,0,IAD,ORF,157,6,0
YV,2689,2008-01-06 11:16:00,2008-01-06 12:23:00,0,N931LR,0,CLT,STL,575,7,0
YV,7296,2008-01-06 13:55:00,2008-01-06 16:40:00,0,N515MJ,0,ORD,GSO,590,7,0
YV,7376,2008-01-06 09:00:00,2008-01-06 11:47:00,0,N77181,0,ORD,GSO,590,7,0
YV,7162,2008-01-07 15:03:00,2008-01-07 16:14:00,0,N434YV,0,DEN,GJT,212,1,0
YV,2610,2008-01-08 11:25:00,2008-01-08 13:41:00,0,N914FJ,0,BHM,CLT,351,2,0
YV,7092,2008-01-08 11:15:00,2008-01-08 12:31:00,0,N444YV,0,DEN,GJT,212,2,0
YV,1035,2008-01-08 09:35:00,2008-01-08 10:14:00,0,N646BR,0,HNL,LIH,102,2,0
YV,2710,2008-01-08 19:35:00,2008-01-08 19:53:00,0,N924FJ,0,PHX,SNA,338,2,0
YV,7150,2008-01-09 18:20:00,2008-01-09 20:19:00,0,N446YV,0,DEN,COD,392,3,0
YV,7116,2008-01-09 11:33:00,2008-01-09 12:52:00,0,N444YV,0,DEN,CPR,230,3,0
YV,7190,2008-01-09 13:58:00,2008-01-09 16:45:00,0,N715SF,0,ORD,AVP,631,3,0
YV,7093,2008-01-10 06:00:00,2008-01-10 07:23:00,0,N87353,0,CAE,IAD,401,4,0
YV,7167,2008-01-10 12:25:00,2008-01-10 13:52:00,0,N17175,0,IAD,CAE,401,4,0
YV,7207,2008-01-10 12:33:00,2008-01-10 14:02:00,0,N87353,0,IAD,GSP,383,4,0
YV,7301,2008-01-10 10:15:00,2008-01-10 11:06:00,0,N27314,0,ORD,BMI,116,4,0
YV,7219,2008-01-11 07:28:00,2008-01-11 09:58:00,0,N47202,0,ORD,BUF,473,5,0
YV,7169,2008-01-11 08:30:00,2008-01-11 11:35:00,0,N521LR,0,ORD,CHS,760,5,0
YV,7340,2008-01-11 08:08:00,2008-01-11 09:56:00,0,N503MJ,0,ORD,SBN,84,5,0
YV,2885,2008-01-11 22:55:00,2008-01-11 02:23:00,0,N933LR,0,PHX,IAH,1009,5,0
YV,2727,2008-01-12 06:35:00,2008-01-12 09:01:00,0,N437YV,0,PSP,PHX,261,6,0
YV,7107,2008-01-13 08:24:00,2008-01-13 09:50:00,0,N446YV,0,DEN,CPR,230,7,0
YV,7077,2008-01-13 20:55:00,2008-01-13 22:10:00,0,N446YV,0,DEN,GJT,212,7,0
YV,2995,2008-01-14 09:59:00,2008-01-14 13:15:00,0,N926LR,0,PHX,OKC,833,1,0
YV,7117,2008-01-15 08:11:00,2008-01-15 09:59:00,0,N518LR,0,IAD,MCI,926,2,0
YV,7227,2008-01-16 14:30:00,2008-01-16 15:19:00,0,N649BR,0,BUF,ORD,473,3,0
YV,7125,2008-01-16 12:39:00,2008-01-16 14:09:00,0,N27314,0,IAD,MYR,372,3,0
YV,7325,2008-01-16 09:45:00,2008-01-16 11:33:00,0,N75995,0,ORD,SBN,84,3,0
YV,2841,2008-01-17 05:50:00,2008-01-17 09:09:00,0,N97325,0,MFR,PHX,854,4,0
YV,7117,2008-01-18 08:11:00,2008-01-18 09:59:00,0,N519LR,0,IAD,MCI,926,5,0
YV,7227,2008-01-18 11:25:00,2008-01-18 13:56:00,0,N75998,0,ORD,BUF,473,5,0
YV,7172,2008-01-18 09:00:00,2008-01-18 11:47:00,0,N77278,0,ORD,GSP,577,5,0
YV,7330,2008-01-19 08:15:00,2008-01-19 09:13:00,0,N571ML,0,ORD,SPI,174,6,0
YV,2816,2008-01-19 10:04:00,2008-01-19 14:02:00,0,N906FJ,0,PHX,DSM,1149,6,0
YV,7319,2008-01-19 14:28:00,2008-01-19 16:09:00,0,N87353,0,SAV,IAD,515,6,0
YV,7076,2008-01-20 12:15:00,2008-01-20 13:14:00,0,N456YV,0,DEN,EGE,121,7,0
YV,7458,2008-01-20 10:57:00,2008-01-20 12:15:00,0,N521LR,0,DSM,ORD,299,7,0
YV,7400,2008-01-22 08:20:00,2008-01-22 11:00:00,0,N77278,0,HSV,IAD,595,2,0
YV,2621,2008-01-22 07:10:00,2008-01-22 08:48:00,0,N909FJ,0,MDT,CLT,413,2,0
YV,7132,2008-01-22 14:10:00,2008-01-22 17:11:00,0,N518LR,0,ORD,ORF,717,2,0
YV,7077,2008-01-23 20:55:00,2008-01-23 22:10:00,0,N456YV,0,DEN,GJT,212,3,0
YV,7179,2008-01-23 08:15:00,2008-01-23 09:42:00,0,N37208,0,IAD,CAE,401,3,0
YV,7179,2008-01-24 08:15:00,2008-01-24 09:42:00,0,N77195,0,IAD,CAE,401,4,0
YV,7143,2008-01-24 06:38:00,2008-01-24 08:35:00,0,N571ML,0,ORD,LAN,179,4,0
YV,7125,2008-01-25 12:39:00,2008-01-25 14:09:00,0,N75998,0,IAD,MYR,372,5,0
YV,7157,2008-01-25 09:45:00,2008-01-25 10:52:00,0,N27173,0,ORD,CWA,213,5,0
YV,2916,2008-01-26 19:46:00,2008-01-26 21:27:00,0,N930LR,0,PHX,COS,551,6,0
YV,7215,2008-01-27 17:59:00,2008-01-27 19:29:00,0,N509MJ,0,IAD,LGA,229,7,0
YV,7157,2008-01-27 09:45:00,2008-01-27 10:52:00,0,N570ML,0,ORD,CWA,213,7,0
YV,7125,2008-01-28 12:39:00,2008-01-28 14:09:00,0,N571ML,0,IAD,MYR,372,1,0
YV,7079,2008-01-29 18:25:00,2008-01-29 19:40:00,0,N454YV,0,DEN,GJT,212,2,0
YV,2673,2008-01-29 11:25:00,2008-01-29 12:30:00,0,N927LR,0,ILM,CLT,185,2,0
YV,7150,2008-01-30 18:20:00,2008-01-30 20:19:00,0,N434YV,0,DEN,COD,392,3,0
YV,7455,2008-01-30 10:58:00,2008-01-30 12:55:00,0,N75987,0,ORD,LAN,179,3,0
YV,2881,2008-01-30 22:47:00,2008-01-30 23:57:00,0,N77260,0,PHX,ELP,347,3,0
YV,2802,2008-01-30 08:12:00,2008-01-30 08:49:00,0,N909FJ,0,PHX,SBA,455,3,0
YV,7079,2008-01-31 18:25:00,2008-01-31 19:40:00,0,N444YV,0,DEN,GJT,212,4,0
YV,7305,2008-01-31 13:10:00,2008-01-31 15:15:00,0,N77278,0,ORD,MBS,222,4,0
OH,5250,2008-01-02 18:33:00,2008-01-02 20:09:00,0,N676CA,0,RDU,CVG,390,3,0
OH,5267,2008-01-02 11:15:00,2008-01-02 14:01:00,0,N713CA,0,OMA,CVG,614,3,0
OH,5308,2008-01-02 13:49:00,2008-01-02 16:00:00,0,N917CA,0,BNA,CVG,230,3,0
OH,5348,2008-01-02 07:50:00,2008-01-02 10:07:00,0,N595SW,0,ORD,CVG,264,3,0
OH,5353,2008-01-02 10:48:00,2008-01-02 12:36:00,0,N917CA,0,ROC,CVG,461,3,0
OH,5451,2008-01-02 09:30:00,2008-01-02 10:36:00,0,N590SW,0,CVG,TYS,226,3,0
OH,5472,2008-01-02 06:30:00,2008-01-02 10:08:00,0,N912CA,0,SAT,CVG,1024,3,0
OH,5476,2008-01-02 06:45:00,2008-01-02 08:05:00,0,N625CA,0,PIT,CVG,256,3,0
OH,4985,2008-01-03 10:15:00,2008-01-03 12:33:00,0,N676CA,0,PHL,CVG,507,4,0
OH,5002,2008-01-03 11:50:00,2008-01-03 14:19:00,0,N966CA,0,MEM,CVG,403,4,0
OH,5016,2008-01-03 11:10:00,2008-01-03 13:58:00,0,N941CA,0,TUL,CVG,646,4,0
OH,5026,2008-01-03 15:28:00,2008-01-03 19:00:00,0,N962CA,0,AUS,CVG,958,4,0
OH,5037,2008-01-03 07:00:00,2008-01-03 08:10:00,0,N814CA,0,LAN,CVG,258,4,0
OH,5042,2008-01-03 11:00:00,2008-01-03 14:00:00,0,N408CA,0,VPS,CVG,608,4,0
OH,5086,2008-01-03 09:30:00,2008-01-03 12:06:00,0,N692CA,0,FLL,CVG,932,4,0
OH,5094,2008-01-03 16:15:00,2008-01-03 18:39:00,0,N659BR,0,ORD,CVG,264,4,0
OH,5100,2008-01-03 15:22:00,2008-01-03 18:48:00,0,N708CA,0,IAH,CVG,871,4,0
OH,5163,2008-01-03 17:35:00,2008-01-03 20:03:00,0,N786CA,0,PVD,CVG,722,4,0
OH,5169,2008-01-03 15:25:00,2008-01-03 18:28:00,0,N812CA,0,OKC,CVG,756,4,0
OH,5178,2008-01-03 15:25:00,2008-01-03 19:04:00,0,N940CA,0,SAT,CVG,1024,4,0
OH,5181,2008-01-03 06:05:00,2008-01-03 07:59:00,0,N719CA,0,AVP,CVG,499,4,0
OH,5241,2008-01-03 07:40:00,2008-01-03 09:43:00,0,N809CA,0,PHL,CVG,507,4,0
OH,5267,2008-01-03 11:15:00,2008-01-03 14:01:00,0,N786CA,0,OMA,CVG,614,4,0
OH,5308,2008-01-03 13:49:00,2008-01-03 16:00:00,0,N443CA,0,BNA,CVG,230,4,0
OH,5367,2008-01-03 17:35:00,2008-01-03 20:21:00,0,N804CA,0,BGR,CVG,906,4,0
OH,5426,2008-01-03 12:05:00,2008-01-03 14:26:00,0,N379CA,0,SRQ,CVG,812,4,0
OH,5441,2008-01-03 12:05:00,2008-01-03 14:29:00,0,N811CA,0,STL,CVG,307,4,0
OH,5516,2008-01-03 16:58:00,2008-01-03 18:44:00,0,N784CA,0,RIC,CVG,413,4,0
OH,5537,2008-01-03 13:30:00,2008-01-03 14:21:00,0,N420CA,0,CMH,CVG,116,4,0
OH,5539,2008-01-03 20:37:00,2008-01-03 23:22:00,0,N653CA,0,JFK,CVG,589,4,0
OH,5545,2008-01-03 13:25:00,2008-01-03 15:50:00,0,N691CA,0,JFK,CVG,589,4,0
OH,4953,2008-01-04 14:55:00,2008-01-04 16:04:00,0,N675BR,0,DTW,CVG,229,5,0
OH,5000,2008-01-04 07:00:00,2008-01-04 09:48:00,0,N965CA,0,OMA,CVG,614,5,0
OH,5028,2008-01-04 07:30:00,2008-01-04 10:07:00,0,N435CA,0,MEM,CVG,403,5,0
OH,5054,2008-01-04 15:55:00,2008-01-04 18:37:00,0,N597SW,0,MCI,CVG,539,5,0
OH,5061,2008-01-04 19:00:00,2008-01-04 20:15:00,0,N967CA,0,DTW,CVG,229,5,0
OH,5067,2008-01-04 11:30:00,2008-01-04 12:40:00,0,N809CA,0,CLE,CVG,221,5,0
OH,5084,2008-01-04 11:15:00,2008-01-04 14:57:00,0,N487CA,0,SAT,CVG,1024,5,0
OH,5092,2008-01-04 16:07:00,2008-01-04 18:44:00,0,N678CA,0,BOS,CVG,752,5,0
OH,5096,2008-01-04 11:51:00,2008-01-04 14:38:00,0,N658CA,0,MIA,CVG,948,5,0
OH,5100,2008-01-04 15:22:00,2008-01-04 18:48:00,0,N815CA,0,IAH,CVG,871,5,0
OH,5134,2008-01-04 12:50:00,2008-01-04 14:19:00,0,N693CA,0,ATL,CVG,373,5,0
OH,5171,2008-01-04 11:10:00,2008-01-04 12:18:00,0,N427CA,0,GRR,CVG,268,5,0
OH,5173,2008-01-04 13:55:00,2008-01-04 15:37:00,0,N691CA,0,DCA,CVG,411,5,0
OH,5249,2008-01-04 07:05:00,2008-01-04 08:21:00,0,N675BR,0,DTW,CVG,229,5,0
OH,5371,2008-01-04 17:58:00,2008-01-04 20:09:00,0,N685BR,0,BNA,CVG,230,5,0
OH,5388,2008-01-04 11:50:00,2008-01-04 14:23:00,0,N653CA,0,PBI,CVG,892,5,0
OH,5426,2008-01-04 12:05:00,2008-01-04 14:26:00,0,N371CA,0,SRQ,CVG,812,5,0
OH,5434,2008-01-04 16:03:00,2008-01-04 18:38:00,0,N391CA,0,PBI,CVG,892,5,0
OH,5460,2008-01-04 07:00:00,2008-01-04 09:42:00,0,N689CA,0,MCI,CVG,539,5,0
OH,5476,2008-01-04 06:30:00,2008-01-04 08:14:00,0,N658CA,0,RIC,CVG,413,5,0
OH,5486,2008-01-04 18:00:00,2008-01-04 18:49:00,0,N964CA,0,LEX,CVG,70,5,0
OH,5537,2008-01-04 13:30:00,2008-01-04 14:21:00,0,N940CA,0,CMH,CVG,116,5,0
OH,5545,2008-01-04 13:25:00,2008-01-04 15:50:00,0,N695CA,0,JFK,CVG,589,5,0
OH,5593,2008-01-04 17:45:00,2008-01-04 20:00:00,0,N693CA,0,PHL,CVG,507,5,0
OH,5598,2008-01-04 14:55:00,2008-01-04 15:41:00,0,N427CA,0,LEX,CVG,70,5,0
OH,5604,2008-01-04 17:30:00,2008-01-04 18:38:00,0,N487CA,0,GRR,CVG,268,5,0
OH,5644,2008-01-04 15:25:00,2008-01-04 18:35:00,0,N641CA,0,DFW,CVG,812,5,0
OH,5661,2008-01-04 14:45:00,2008-01-04 15:59:00,0,N446CA,0,GRR,CVG,268,5,0
OH,5670,2008-01-04 11:50:00,2008-01-04 14:30:00,0,N929CA,0,MCI,CVG,539,5,0
OH,4943,2008-01-05 10:35:00,2008-01-05 11:46:00,0,N956CA,0,DTW,CVG,229,6,0
OH,4950,2008-01-05 08:55:00,2008-01-05 11:20:00,0,N811CA,0,BTV,CVG,702,6,0
OH,5023,2008-01-05 06:20:00,2008-01-05 08:06:00,0,N956CA,0,MDT,CVG,429,6,0
OH,5089,2008-01-05 06:00:00,2008-01-05 08:18:00,0,N427CA,0,JFK,CVG,589,6,0
OH,5099,2008-01-05 08:55:00,2008-01-05 11:27:00,0,N710CA,0,MHT,CVG,741,6,0
OH,5113,2008-01-05 06:10:00,2008-01-05 08:15:00,0,N369CA,0,PHL,CVG,507,6,0
OH,5119,2008-01-05 14:20:00,2008-01-05 16:07:00,0,N929CA,0,RIC,CVG,413,6,0
OH,5208,2008-01-05 08:25:00,2008-01-05 11:27:00,0,N528CA,0,FSD,CVG,701,6,0
OH,5281,2008-01-05 18:00:00,2008-01-05 19:10:00,0,N806CA,0,DTW,CVG,229,6,0
OH,5303,2008-01-05 06:15:00,2008-01-05 08:08:00,0,N597SW,0,ABE,CVG,503,6,0
OH,5306,2008-01-05 13:20:00,2008-01-05 15:54:00,0,N969CA,0,BHM,CVG,396,6,0
OH,5387,2008-01-05 08:50:00,2008-01-05 11:19:00,0,N929CA,0,CID,CVG,419,6,0
OH,5420,2008-01-05 22:44:00,2008-01-05 23:56:00,0,N920CA,0,ATL,GSO,306,6,0
OH,5427,2008-01-05 06:45:00,2008-01-05 08:00:00,0,N972CA,0,GRR,CVG,268,6,0
OH,5476,2008-01-05 06:30:00,2008-01-05 08:14:00,0,N371CA,0,RIC,CVG,413,6,0
OH,5477,2008-01-05 06:34:00,2008-01-05 08:25:00,0,N656CA,0,ORF,CVG,485,6,0
OH,5486,2008-01-05 18:00:00,2008-01-05 18:49:00,0,N912CA,0,LEX,CVG,70,6,0
OH,5519,2008-01-05 09:20:00,2008-01-05 11:47:00,0,N451CA,0,LGA,CVG,585,6,0
OH,5534,2008-01-05 08:25:00,2008-01-05 11:12:00,0,N653CA,0,MSP,CVG,596,6,0
OH,5543,2008-01-05 13:28:00,2008-01-05 15:58:00,0,N785CA,0,LGA,CVG,585,6,0
OH,5545,2008-01-05 13:25:00,2008-01-05 15:50:00,0,N689CA,0,JFK,CVG,589,6,0
OH,5569,2008-01-05 06:00:00,2008-01-05 08:17:00,0,N818CA,0,ALB,CVG,623,6,0
OH,5598,2008-01-05 14:55:00,2008-01-05 15:41:00,0,N806CA,0,LEX,CVG,70,6,0
OH,5616,2008-01-05 08:15:00,2008-01-05 11:40:00,0,N957CA,0,IAH,CVG,871,6,0
OH,5630,2008-01-05 09:05:00,2008-01-05 11:46:00,0,N933CA,0,DSM,CVG,505,6,0
OH,5642,2008-01-05 07:15:00,2008-01-05 07:53:00,0,N819CA,0,DAY,CVG,64,6,0
OH,5644,2008-01-05 15:25:00,2008-01-05 18:39:00,0,N966CA,0,DFW,CVG,812,6,0
OH,5653,2008-01-05 16:00:00,2008-01-05 18:41:00,0,N918CA,0,PWM,CVG,810,6,0
OH,5661,2008-01-05 14:10:00,2008-01-05 15:19:00,0,N659BR,0,GRR,CVG,268,6,0
OH,5699,2008-01-05 14:50:00,2008-01-05 15:55:00,0,N685BR,0,PIT,CVG,256,6,0
OH,5002,2008-01-06 11:50:00,2008-01-06 14:19:00,0,N967CA,0,MEM,CVG,403,7,0
OH,5042,2008-01-06 11:00:00,2008-01-06 14:00:00,0,N962CA,0,VPS,CVG,608,7,0
OH,5054,2008-01-06 15:55:00,2008-01-06 18:37:00,0,N815CA,0,MCI,CVG,539,7,0
OH,5065,2008-01-06 13:00:00,2008-01-06 14:46:00,0,N972CA,0,BWI,CVG,430,7,0
OH,5071,2008-01-06 06:55:00,2008-01-06 08:00:00,0,N629BR,0,TRI,CVG,216,7,0
OH,5084,2008-01-06 11:15:00,2008-01-06 14:57:00,0,N936CA,0,SAT,CVG,1024,7,0
OH,5101,2008-01-06 13:00:00,2008-01-06 14:06:00,0,N810CA,0,PIT,CVG,256,7,0
OH,5130,2008-01-06 11:20:00,2008-01-06 12:26:00,0,N713CA,0,PIT,CVG,256,7,0
OH,5142,2008-01-06 17:05:00,2008-01-06 18:56:00,0,N967CA,0,SAV,CVG,515,7,0
OH,5144,2008-01-06 07:25:00,2008-01-06 10:11:00,0,N653CA,0,MIA,CVG,948,7,0
OH,5151,2008-01-06 07:10:00,2008-01-06 07:57:00,0,N526CA,0,IND,CVG,98,7,0
OH,5176,2008-01-06 16:30:00,2008-01-06 19:02:00,0,N625CA,0,RSW,CVG,879,7,0
OH,5228,2008-01-06 19:55:00,2008-01-06 21:01:00,0,N739CA,0,CVG,GRR,268,7,0
OH,5249,2008-01-06 07:05:00,2008-01-06 08:21:00,0,N927CA,0,DTW,CVG,229,7,0
OH,5377,2008-01-06 14:29:00,2008-01-06 16:05:00,0,N804CA,0,RDU,CVG,390,7,0
OH,5388,2008-01-06 11:50:00,2008-01-06 14:23:00,0,N398CA,0,PBI,CVG,892,7,0
OH,5422,2008-01-06 10:05:00,2008-01-06 12:25:00,0,N685BR,0,HSV,CVG,325,7,0
OH,5427,2008-01-06 06:45:00,2008-01-06 08:00:00,0,N427CA,0,GRR,CVG,268,7,0
OH,5441,2008-01-06 12:05:00,2008-01-06 14:29:00,0,N659BR,0,STL,CVG,307,7,0
OH,5443,2008-01-06 12:50:00,2008-01-06 14:30:00,0,N487CA,0,IAD,CVG,388,7,0
OH,5472,2008-01-06 06:30:00,2008-01-06 10:03:00,0,N658CA,0,SAT,CVG,1024,7,0
OH,5474,2008-01-06 11:15:00,2008-01-06 14:07:00,0,N427CA,0,MSP,CVG,596,7,0
OH,5476,2008-01-06 06:30:00,2008-01-06 08:16:00,0,N729CA,0,RIC,CVG,413,7,0
OH,5477,2008-01-06 06:34:00,2008-01-06 08:25:00,0,N443CA,0,ORF,CVG,485,7,0
OH,5534,2008-01-06 07:00:00,2008-01-06 09:54:00,0,N371CA,0,MSP,CVG,596,7,0
OH,5597,2008-01-06 12:10:00,2008-01-06 14:29:00,0,N868CA,0,BNA,CVG,230,7,0
OH,5615,2008-01-06 07:30:00,2008-01-06 10:13:00,0,N821CA,0,BOS,CVG,752,7,0
OH,5644,2008-01-06 15:25:00,2008-01-06 18:35:00,0,N391CA,0,DFW,CVG,812,7,0
OH,4959,2008-01-07 07:35:00,2008-01-07 09:51:00,0,N958CA,0,BNA,CVG,230,1,0
OH,4974,2008-01-07 10:10:00,2008-01-07 12:40:00,0,N403CA,0,PVD,CVG,722,1,0
OH,4985,2008-01-07 10:15:00,2008-01-07 12:33:00,0,N679CA,0,PHL,CVG,507,1,0
OH,5002,2008-01-07 11:50:00,2008-01-07 14:19:00,0,N958CA,0,MEM,CVG,403,1,0
OH,5018,2008-01-07 09:00:00,2008-01-07 10:13:00,0,N409CA,0,DTW,CVG,229,1,0
OH,5026,2008-01-07 15:28:00,2008-01-07 19:00:00,0,N937CA,0,AUS,CVG,958,1,0
OH,5054,2008-01-07 15:55:00,2008-01-07 18:37:00,0,N933CA,0,MCI,CVG,539,1,0
OH,5065,2008-01-07 13:00:00,2008-01-07 14:46:00,0,N809CA,0,BWI,CVG,430,1,0
OH,5071,2008-01-07 06:55:00,2008-01-07 08:00:00,0,N967CA,0,TRI,CVG,216,1,0
OH,5089,2008-01-07 06:00:00,2008-01-07 08:18:00,0,N408CA,0,JFK,CVG,589,1,0
OH,5095,2008-01-07 13:00:00,2008-01-07 14:08:00,0,N940CA,0,LAN,CVG,258,1,0
OH,5133,2008-01-07 17:10:00,2008-01-07 18:21:00,0,N398CA,0,PIT,CVG,256,1,0
OH,5151,2008-01-07 06:30:00,2008-01-07 07:07:00,0,N708CA,0,DAY,CVG,64,1,0
OH,5155,2008-01-07 17:37:00,2008-01-07 19:59:00,0,N821CA,0,ATW,CVG,411,1,0
OH,5298,2008-01-07 15:45:00,2008-01-07 18:21:00,0,N814CA,0,DSM,CVG,505,1,0
OH,5311,2008-01-07 10:25:00,2008-01-07 12:30:00,0,N956CA,0,JAX,CVG,614,1,0
OH,5314,2008-01-07 05:45:00,2008-01-07 08:35:00,0,N868CA,0,PWM,CVG,810,1,0
OH,5332,2008-01-07 06:00:00,2008-01-07 07:13:00,0,N972CA,0,CHA,CVG,278,1,0
OH,5387,2008-01-07 07:20:00,2008-01-07 09:53:00,0,N821CA,0,CID,CVG,419,1,0
OH,5390,2008-01-07 11:10:00,2008-01-07 14:30:00,0,N818CA,0,IAH,CVG,871,1,0
OH,5397,2008-01-07 10:56:00,2008-01-07 12:39:00,0,N720SW,0,BWI,CVG,430,1,0
OH,5419,2008-01-07 10:15:00,2008-01-07 12:27:00,0,N690CA,0,BDL,CVG,661,1,0
OH,5427,2008-01-07 06:45:00,2008-01-07 08:00:00,0,N712CA,0,GRR,CVG,268,1,0
OH,5434,2008-01-07 16:03:00,2008-01-07 18:38:00,0,N378CA,0,PBI,CVG,892,1,0
OH,5435,2008-01-07 11:04:00,2008-01-07 12:39:00,0,N709CA,0,RDU,CVG,390,1,0
OH,5441,2008-01-07 12:05:00,2008-01-07 14:29:00,0,N915CA,0,STL,CVG,307,1,0
OH,5460,2008-01-07 07:00:00,2008-01-07 09:42:00,0,N692CA,0,MCI,CVG,539,1,0
OH,5472,2008-01-07 06:30:00,2008-01-07 10:08:00,0,N989CA,0,SAT,CVG,1024,1,0
OH,5477,2008-01-07 06:34:00,2008-01-07 08:25:00,0,N658CA,0,ORF,CVG,485,1,0
OH,5485,2008-01-07 06:20:00,2008-01-07 08:07:00,0,N914CA,0,CHS,CVG,497,1,0
OH,5516,2008-01-07 16:58:00,2008-01-07 18:44:00,0,N455CA,0,RIC,CVG,413,1,0
OH,5519,2008-01-07 08:14:00,2008-01-07 10:31:00,0,N590SW,0,LGA,CVG,585,1,0
OH,5539,2008-01-07 20:37:00,2008-01-07 23:22:00,0,N391CA,0,JFK,CVG,589,1,0
OH,5543,2008-01-07 13:28:00,2008-01-07 15:55:00,0,N369CA,0,LGA,CVG,585,1,0
OH,5553,2008-01-07 13:47:00,2008-01-07 16:03:00,0,N991cA,0,MKE,CVG,318,1,0
OH,5593,2008-01-07 17:45:00,2008-01-07 20:00:00,0,N695CA,0,PHL,CVG,507,1,0
OH,5633,2008-01-07 10:45:00,2008-01-07 12:33:00,0,N659BR,0,RIC,CVG,413,1,0
OH,5696,2008-01-07 07:15:00,2008-01-07 09:55:00,0,N785CA,0,DSM,CVG,505,1,0
OH,5699,2008-01-07 14:50:00,2008-01-07 15:55:00,0,N514CA,0,PIT,CVG,256,1,0
OH,4948,2008-01-08 21:49:00,2008-01-08 00:08:00,0,N920CA,0,LGA,TYS,647,2,0
OH,4975,2008-01-08 13:15:00,2008-01-08 15:45:00,0,N523CA,0,PVD,CVG,722,2,0
OH,4977,2008-01-08 17:01:00,2008-01-08 18:55:00,0,N785CA,0,SYR,CVG,527,2,0
OH,4985,2008-01-08 11:34:00,2008-01-08 13:31:00,0,N679CA,0,PHL,CVG,507,2,0
OH,5002,2008-01-08 11:50:00,2008-01-08 14:19:00,0,N989CA,0,MEM,CVG,403,2,0
OH,5018,2008-01-08 13:00:00,2008-01-08 14:09:00,0,N739CA,0,DTW,CVG,229,2,0
OH,5026,2008-01-08 15:28:00,2008-01-08 19:00:00,0,N713CA,0,AUS,CVG,958,2,0
OH,5028,2008-01-08 05:50:00,2008-01-08 08:21:00,0,N958CA,0,MEM,CVG,403,2,0
OH,5030,2008-01-08 07:00:00,2008-01-08 07:44:00,0,N595SW,0,LEX,CVG,70,2,0
OH,5037,2008-01-08 07:00:00,2008-01-08 08:10:00,0,N594SW,0,LAN,CVG,258,2,0
OH,5054,2008-01-08 15:55:00,2008-01-08 18:37:00,0,N587SW,0,MCI,CVG,539,2,0
OH,5065,2008-01-08 13:00:00,2008-01-08 14:46:00,0,N931CA,0,BWI,CVG,430,2,0
OH,5092,2008-01-08 16:07:00,2008-01-08 18:44:00,0,N691CA,0,BOS,CVG,752,2,0
OH,5094,2008-01-08 16:15:00,2008-01-08 18:39:00,0,N430CA,0,ORD,CVG,264,2,0
OH,5096,2008-01-08 11:51:00,2008-01-08 14:38:00,0,N641CA,0,MIA,CVG,948,2,0
OH,5119,2008-01-08 13:55:00,2008-01-08 15:41:00,0,N804CA,0,RIC,CVG,413,2,0
OH,5134,2008-01-08 12:50:00,2008-01-08 14:19:00,0,N678CA,0,ATL,CVG,373,2,0
OH,5136,2008-01-08 17:53:00,2008-01-08 20:14:00,0,N641CA,0,SRQ,CVG,812,2,0
OH,5142,2008-01-08 17:05:00,2008-01-08 18:56:00,0,N973CA,0,SAV,CVG,515,2,0
OH,5156,2008-01-08 15:30:00,2008-01-08 18:20:00,0,N964CA,0,MSP,CVG,596,2,0
OH,5163,2008-01-08 17:35:00,2008-01-08 20:03:00,0,N659BR,0,PVD,CVG,722,2,0
OH,5240,2008-01-08 11:10:00,2008-01-08 14:18:00,0,N379CA,0,DFW,CVG,812,2,0
OH,5308,2008-01-08 13:49:00,2008-01-08 16:00:00,0,N597SW,0,BNA,CVG,230,2,0
OH,5314,2008-01-08 05:45:00,2008-01-08 08:35:00,0,N675BR,0,PWM,CVG,810,2,0
OH,5328,2008-01-08 13:50:00,2008-01-08 16:09:00,0,N927CA,0,ORD,CVG,264,2,0
OH,5363,2008-01-08 11:45:00,2008-01-08 14:02:00,0,N371CA,0,EWR,CVG,569,2,0
OH,5377,2008-01-08 14:29:00,2008-01-08 16:05:00,0,N798CA,0,RDU,CVG,390,2,0
OH,5382,2008-01-08 11:10:00,2008-01-08 14:14:00,0,N929CA,0,OKC,CVG,756,2,0
OH,5388,2008-01-08 11:50:00,2008-01-08 14:23:00,0,N625CA,0,PBI,CVG,892,2,0
OH,5423,2008-01-08 16:25:00,2008-01-08 18:36:00,0,N937CA,0,BNA,CVG,230,2,0
OH,5427,2008-01-08 06:45:00,2008-01-08 08:00:00,0,N821CA,0,GRR,CVG,268,2,0
OH,5441,2008-01-08 12:05:00,2008-01-08 14:29:00,0,N430CA,0,STL,CVG,307,2,0
OH,5443,2008-01-08 12:50:00,2008-01-08 14:30:00,0,N814CA,0,IAD,CVG,388,2,0
OH,5474,2008-01-08 11:15:00,2008-01-08 14:07:00,0,N443CA,0,MSP,CVG,596,2,0
OH,5475,2008-01-08 19:10:00,2008-01-08 21:30:00,0,N807CA,0,BOS,GSO,645,2,0
OH,5516,2008-01-08 16:58:00,2008-01-08 18:44:00,0,N427CA,0,RIC,CVG,413,2,0
OH,5539,2008-01-08 20:37:00,2008-01-08 23:22:00,0,N374CA,0,JFK,CVG,589,2,0
OH,5543,2008-01-08 13:28:00,2008-01-08 15:58:00,0,N588SW,0,LGA,CVG,585,2,0
OH,5545,2008-01-08 13:25:00,2008-01-08 15:50:00,0,N689CA,0,JFK,CVG,589,2,0
OH,5553,2008-01-08 13:47:00,2008-01-08 16:03:00,0,N708CA,0,MKE,CVG,318,2,0
OH,5628,2008-01-08 15:05:00,2008-01-08 15:57:00,0,N926CA,0,CMH,CVG,116,2,0
OH,5644,2008-01-08 15:25:00,2008-01-08 18:35:00,0,N655CA,0,DFW,CVG,812,2,0
OH,5657,2008-01-08 06:50:00,2008-01-08 08:03:00,0,N514CA,0,CLE,CVG,221,2,0
OH,5689,2008-01-08 05:50:00,2008-01-08 08:25:00,0,N708CA,0,MHT,CVG,741,2,0
OH,5696,2008-01-08 15:45:00,2008-01-08 18:21:00,0,N811CA,0,DSM,CVG,505,2,0
OH,4960,2008-01-09 17:10:00,2008-01-09 18:47:00,0,N735CA,0,CLT,CVG,335,3,0
OH,4970,2008-01-09 16:15:00,2008-01-09 18:48:00,0,N807CA,0,BHM,CVG,396,3,0
OH,4974,2008-01-09 10:10:00,2008-01-09 12:40:00,0,N933CA,0,PVD,CVG,722,3,0
OH,4982,2008-01-09 07:20:00,2008-01-09 09:47:00,0,N999CA,0,ATW,CVG,411,3,0
OH,4985,2008-01-09 10:15:00,2008-01-09 12:33:00,0,N398CA,0,PHL,CVG,507,3,0
OH,5007,2008-01-09 11:47:00,2008-01-09 12:30:00,0,N391CA,0,SDF,CVG,83,3,0
OH,5018,2008-01-09 09:00:00,2008-01-09 10:13:00,0,N685BR,0,DTW,CVG,229,3,0
OH,5023,2008-01-09 06:15:00,2008-01-09 08:01:00,0,N430CA,0,MDT,CVG,429,3,0
OH,5025,2008-01-09 15:40:00,2008-01-09 18:29:00,0,N595SW,0,OMA,CVG,614,3,0
OH,5026,2008-01-09 15:28:00,2008-01-09 19:00:00,0,N926CA,0,AUS,CVG,958,3,0
OH,5028,2008-01-09 07:30:00,2008-01-09 10:07:00,0,N940CA,0,MEM,CVG,403,3,0
OH,5032,2008-01-09 19:10:00,2008-01-09 21:25:00,0,N678CA,0,ORD,CVG,264,3,0
OH,5058,2008-01-09 13:30:00,2008-01-09 15:32:00,0,N378CA,0,JAX,CVG,614,3,0
OH,5067,2008-01-09 11:30:00,2008-01-09 12:40:00,0,N591SW,0,CLE,CVG,221,3,0
OH,5086,2008-01-09 09:30:00,2008-01-09 12:06:00,0,N691CA,0,FLL,CVG,932,3,0
OH,5094,2008-01-09 16:15:00,2008-01-09 18:39:00,0,N814CA,0,ORD,CVG,264,3,0
OH,5097,2008-01-09 08:55:00,2008-01-09 10:01:00,0,N409CA,0,GRR,CVG,268,3,0
OH,5113,2008-01-09 06:10:00,2008-01-09 08:15:00,0,N655CA,0,PHL,CVG,507,3,0
OH,5130,2008-01-09 11:20:00,2008-01-09 12:25:00,0,N379CA,0,PIT,CVG,256,3,0
OH,5144,2008-01-09 07:25:00,2008-01-09 10:11:00,0,N378CA,0,MIA,CVG,948,3,0
OH,5155,2008-01-09 17:37:00,2008-01-09 19:59:00,0,N914CA,0,ATW,CVG,411,3,0
OH,5173,2008-01-09 13:55:00,2008-01-09 15:37:00,0,N679CA,0,DCA,CVG,411,3,0
OH,5174,2008-01-09 16:00:00,2008-01-09 18:25:00,0,N963CA,0,CID,CVG,419,3,0
OH,5178,2008-01-09 15:25:00,2008-01-09 19:04:00,0,N403CA,0,SAT,CVG,1024,3,0
OH,5240,2008-01-09 11:10:00,2008-01-09 14:18:00,0,N655CA,0,DFW,CVG,812,3,0
OH,5252,2008-01-09 07:00:00,2008-01-09 08:07:00,0,N920CA,0,TYS,CVG,226,3,0
OH,5276,2008-01-09 07:00:00,2008-01-09 09:55:00,0,N936CA,0,TUL,CVG,646,3,0
OH,5302,2008-01-09 10:10:00,2008-01-09 12:21:00,0,N435CA,0,STL,CVG,307,3,0
OH,5324,2008-01-09 08:30:00,2008-01-09 10:07:00,0,N797CA,0,RDU,CVG,390,3,0
OH,5340,2008-01-09 18:00:00,2008-01-09 18:42:00,0,N804CA,0,DAY,CVG,64,3,0
OH,5348,2008-01-09 07:50:00,2008-01-09 10:07:00,0,N914CA,0,ORD,CVG,264,3,0
OH,5363,2008-01-09 10:24:00,2008-01-09 12:30:00,0,N669CA,0,EWR,CVG,569,3,0
OH,5371,2008-01-09 17:58:00,2008-01-09 20:09:00,0,N430CA,0,BNA,CVG,230,3,0
OH,5382,2008-01-09 11:10:00,2008-01-09 14:14:00,0,N455CA,0,OKC,CVG,756,3,0
OH,5390,2008-01-09 11:10:00,2008-01-09 14:30:00,0,N510CA,0,IAH,CVG,871,3,0
OH,5419,2008-01-09 10:15:00,2008-01-09 12:30:00,0,N926CA,0,BDL,CVG,661,3,0
OH,5423,2008-01-09 16:25:00,2008-01-09 18:36:00,0,N786CA,0,BNA,CVG,230,3,0
OH,5426,2008-01-09 12:05:00,2008-01-09 14:26:00,0,N625CA,0,SRQ,CVG,812,3,0
OH,5433,2008-01-09 17:10:00,2008-01-09 18:57:00,0,N739CA,0,BWI,CVG,430,3,0
OH,5453,2008-01-09 05:50:00,2008-01-09 08:22:00,0,N811CA,0,BTV,CVG,702,3,0
OH,5460,2008-01-09 07:00:00,2008-01-09 09:42:00,0,N678CA,0,MCI,CVG,539,3,0
OH,5534,2008-01-09 07:00:00,2008-01-09 09:54:00,0,N641CA,0,MSP,CVG,596,3,0
OH,5541,2008-01-09 11:47:00,2008-01-09 12:35:00,0,N595SW,0,CMH,CVG,116,3,0
OH,5543,2008-01-09 13:28:00,2008-01-09 15:55:00,0,N641CA,0,LGA,CVG,585,3,0
OH,5578,2008-01-09 11:10:00,2008-01-09 12:16:00,0,N713CA,0,TYS,CVG,226,3,0
OH,5598,2008-01-09 14:55:00,2008-01-09 15:41:00,0,N587SW,0,LEX,CVG,70,3,0
OH,5641,2008-01-09 19:00:00,2008-01-09 20:09:00,0,N933CA,0,CLE,CVG,221,3,0
OH,5051,2008-01-10 05:53:00,2008-01-10 08:25:00,0,N807CA,0,GRB,CVG,416,4,0
OH,5058,2008-01-10 13:30:00,2008-01-10 15:32:00,0,N526CA,0,JAX,CVG,614,4,0
OH,5062,2008-01-10 11:35:00,2008-01-10 12:31:00,0,N929CA,0,IND,CVG,98,4,0
OH,5069,2008-01-10 14:50:00,2008-01-10 15:30:00,0,N729CA,0,DAY,CVG,64,4,0
OH,5074,2008-01-10 10:00:00,2008-01-10 12:19:00,0,N819CA,0,MKE,CVG,318,4,0
OH,5086,2008-01-10 09:30:00,2008-01-10 12:06:00,0,N676CA,0,FLL,CVG,932,4,0
OH,5099,2008-01-10 10:10:00,2008-01-10 12:40:00,0,N920CA,0,MHT,CVG,741,4,0
OH,5125,2008-01-10 07:35:00,2008-01-10 10:08:00,0,N409CA,0,SGF,CVG,491,4,0
OH,5129,2008-01-10 17:31:00,2008-01-10 20:16:00,0,N735CA,0,PWM,CVG,810,4,0
OH,5173,2008-01-10 13:55:00,2008-01-10 15:37:00,0,N695CA,0,DCA,CVG,411,4,0
OH,5186,2008-01-10 06:45:00,2008-01-10 10:05:00,0,N713CA,0,IAH,CVG,871,4,0
OH,5242,2008-01-10 14:45:00,2008-01-10 15:55:00,0,N972CA,0,TYS,CVG,226,4,0
OH,5252,2008-01-10 07:00:00,2008-01-10 08:07:00,0,N589SW,0,TYS,CVG,226,4,0
OH,5275,2008-01-10 10:50:00,2008-01-10 12:38:00,0,N510CA,0,ORF,CVG,485,4,0
OH,5281,2008-01-10 18:15:00,2008-01-10 19:28:00,0,N597SW,0,DTW,CVG,229,4,0
OH,5302,2008-01-10 10:10:00,2008-01-10 12:21:00,0,N712CA,0,STL,CVG,307,4,0
OH,5303,2008-01-10 06:15:00,2008-01-10 08:08:00,0,N798CA,0,ABE,CVG,503,4,0
OH,5306,2008-01-10 13:51:00,2008-01-10 16:20:00,0,N721CA,0,BHM,CVG,396,4,0
OH,5315,2008-01-10 17:55:00,2008-01-10 20:41:00,0,N658CA,0,MSP,CVG,596,4,0
OH,5326,2008-01-10 07:00:00,2008-01-10 10:06:00,0,N455CA,0,OKC,CVG,756,4,0
OH,5348,2008-01-10 07:50:00,2008-01-10 10:07:00,0,N931CA,0,ORD,CVG,264,4,0
OH,5361,2008-01-10 13:45:00,2008-01-10 15:58:00,0,N964CA,0,EWR,CVG,569,4,0
OH,5382,2008-01-10 11:10:00,2008-01-10 14:14:00,0,N735CA,0,OKC,CVG,756,4,0
OH,5418,2008-01-10 13:59:00,2008-01-10 16:16:00,0,N815CA,0,STL,CVG,307,4,0
OH,5419,2008-01-10 10:15:00,2008-01-10 12:27:00,0,N669CA,0,BDL,CVG,661,4,0
OH,5426,2008-01-10 12:05:00,2008-01-10 14:26:00,0,N391CA,0,SRQ,CVG,812,4,0
OH,5426,2008-01-10 15:30:00,2008-01-10 16:37:00,0,N962CA,0,CVG,GRR,268,4,0
OH,5428,2008-01-10 17:20:00,2008-01-10 18:51:00,0,N518CA,0,GSO,CVG,330,4,0
OH,5443,2008-01-10 12:50:00,2008-01-10 14:30:00,0,N409CA,0,IAD,CVG,388,4,0
OH,5476,2008-01-10 06:30:00,2008-01-10 08:14:00,0,N398CA,0,RIC,CVG,413,4,0
OH,5539,2008-01-10 20:37:00,2008-01-10 23:22:00,0,N690CA,0,JFK,CVG,589,4,0
OH,5543,2008-01-10 13:28:00,2008-01-10 15:55:00,0,N658CA,0,LGA,CVG,585,4,0
OH,5545,2008-01-10 13:25:00,2008-01-10 15:50:00,0,N692CA,0,JFK,CVG,589,4,0
OH,5574,2008-01-10 06:20:00,2008-01-10 09:52:00,0,N956CA,0,AUS,CVG,958,4,0
OH,5604,2008-01-10 17:30:00,2008-01-10 18:38:00,0,N962CA,0,GRR,CVG,268,4,0
OH,5644,2008-01-10 15:25:00,2008-01-10 18:35:00,0,N379CA,0,DFW,CVG,812,4,0
OH,5650,2008-01-10 14:30:00,2008-01-10 19:01:00,0,N376CA,0,COS,CVG,1078,4,0
OH,5654,2008-01-10 06:10:00,2008-01-10 08:14:00,0,N376CA,0,JAX,CVG,614,4,0
OH,5665,2008-01-10 19:00:00,2008-01-10 20:14:00,0,N455CA,0,PIT,CVG,256,4,0
OH,5668,2008-01-10 17:10:00,2008-01-10 19:12:00,0,N378CA,0,JAX,CVG,614,4,0
OH,5670,2008-01-10 11:50:00,2008-01-10 14:30:00,0,N999CA,0,MCI,CVG,539,4,0
OH,5688,2008-01-10 10:05:00,2008-01-10 12:28:00,0,N739CA,0,ATW,CVG,411,4,0
OH,5696,2008-01-10 07:15:00,2008-01-10 09:55:00,0,N518CA,0,DSM,CVG,505,4,0
OH,4945,2008-01-11 10:58:00,2008-01-11 12:40:00,0,N685BR,0,IAD,CVG,388,5,0
OH,4959,2008-01-11 07:35:00,2008-01-11 09:51:00,0,N932CA,0,BNA,CVG,230,5,0
OH,5016,2008-01-11 11:10:00,2008-01-11 13:58:00,0,N510CA,0,TUL,CVG,646,5,0
OH,5018,2008-01-11 09:00:00,2008-01-11 10:13:00,0,N938CA,0,DTW,CVG,229,5,0
OH,5025,2008-01-11 15:40:00,2008-01-11 18:29:00,0,N477CA,0,OMA,CVG,614,5,0
OH,5042,2008-01-11 11:00:00,2008-01-11 14:00:00,0,N814CA,0,VPS,CVG,608,5,0
OH,5043,2008-01-11 12:10:00,2008-01-11 14:28:00,0,N590SW,0,ORD,CVG,264,5,0
OH,5054,2008-01-11 15:55:00,2008-01-11 18:37:00,0,N810CA,0,MCI,CVG,539,5,0
OH,5061,2008-01-11 19:00:00,2008-01-11 20:15:00,0,N815CA,0,DTW,CVG,229,5,0
OH,5074,2008-01-11 10:00:00,2008-01-11 12:19:00,0,N810CA,0,MKE,CVG,318,5,0
OH,5084,2008-01-11 11:15:00,2008-01-11 14:57:00,0,N739CA,0,SAT,CVG,1024,5,0
OH,5088,2008-01-11 11:05:00,2008-01-11 13:33:00,0,N821CA,0,CID,CVG,419,5,0
OH,5094,2008-01-11 16:15:00,2008-01-11 18:39:00,0,N805CA,0,ORD,CVG,264,5,0
OH,5141,2008-01-11 06:00:00,2008-01-11 08:11:00,0,N960CA,0,EWR,CVG,569,5,0
OH,5155,2008-01-11 17:37:00,2008-01-11 19:59:00,0,N964CA,0,ATW,CVG,411,5,0
OH,5169,2008-01-11 15:25:00,2008-01-11 18:28:00,0,N812CA,0,OKC,CVG,756,5,0
OH,5171,2008-01-11 11:10:00,2008-01-11 12:18:00,0,N926CA,0,GRR,CVG,268,5,0
OH,5173,2008-01-11 13:55:00,2008-01-11 15:37:00,0,N695CA,0,DCA,CVG,411,5,0
OH,5178,2008-01-11 15:25:00,2008-01-11 19:04:00,0,N443CA,0,SAT,CVG,1024,5,0
OH,5249,2008-01-11 07:05:00,2008-01-11 08:21:00,0,N814CA,0,DTW,CVG,229,5,0
OH,5252,2008-01-11 07:00:00,2008-01-11 08:07:00,0,N931CA,0,TYS,CVG,226,5,0
OH,5276,2008-01-11 07:00:00,2008-01-11 09:55:00,0,N735CA,0,TUL,CVG,646,5,0
OH,5306,2008-01-11 13:51:00,2008-01-11 16:20:00,0,N796CA,0,BHM,CVG,396,5,0
OH,5311,2008-01-11 10:25:00,2008-01-11 12:30:00,0,N597SW,0,JAX,CVG,614,5,0
OH,5324,2008-01-11 08:30:00,2008-01-11 10:07:00,0,N443CA,0,RDU,CVG,390,5,0
OH,5326,2008-01-11 07:00:00,2008-01-11 10:06:00,0,N964CA,0,OKC,CVG,756,5,0
OH,5347,2008-01-11 05:50:00,2008-01-11 07:57:00,0,N721CA,0,SYR,CVG,527,5,0
OH,5361,2008-01-11 13:45:00,2008-01-11 15:58:00,0,N819CA,0,EWR,CVG,569,5,0
OH,5377,2008-01-11 14:29:00,2008-01-11 16:05:00,0,N784CA,0,RDU,CVG,390,5,0
OH,5379,2008-01-11 11:14:00,2008-01-11 12:40:00,0,N436CA,0,GSO,CVG,330,5,0
OH,5382,2008-01-11 11:10:00,2008-01-11 14:14:00,0,N868CA,0,OKC,CVG,756,5,0
OH,5386,2008-01-11 07:30:00,2008-01-11 09:54:00,0,N712CA,0,MKE,CVG,318,5,0
OH,5387,2008-01-11 07:20:00,2008-01-11 09:53:00,0,N969CA,0,CID,CVG,419,5,0
OH,5419,2008-01-11 10:15:00,2008-01-11 12:27:00,0,N391CA,0,BDL,CVG,661,5,0
OH,5428,2008-01-11 17:20:00,2008-01-11 18:51:00,0,N514CA,0,GSO,CVG,330,5,0
OH,5434,2008-01-11 16:03:00,2008-01-11 18:38:00,0,N391CA,0,PBI,CVG,892,5,0
OH,5459,2008-01-11 19:20:00,2008-01-11 20:15:00,0,N954CA,0,CMH,CVG,116,5,0
OH,5474,2008-01-11 11:15:00,2008-01-11 14:07:00,0,N528CA,0,MSP,CVG,596,5,0
OH,5477,2008-01-11 06:34:00,2008-01-11 08:25:00,0,N376CA,0,ORF,CVG,485,5,0
OH,5537,2008-01-11 13:30:00,2008-01-11 14:21:00,0,N403CA,0,CMH,CVG,116,5,0
OH,5551,2008-01-11 12:00:00,2008-01-11 14:28:00,0,N518CA,0,LGA,CVG,585,5,0
OH,5554,2008-01-11 19:10:00,2008-01-11 20:15:00,0,N446CA,0,TYS,CVG,226,5,0
OH,5576,2008-01-11 06:20:00,2008-01-11 07:02:00,0,N972CA,0,LEX,CVG,70,5,0
OH,5604,2008-01-11 17:30:00,2008-01-11 18:38:00,0,N783CA,0,GRR,CVG,268,5,0
OH,5641,2008-01-11 19:00:00,2008-01-11 20:09:00,0,N587SW,0,CLE,CVG,221,5,0
OH,5650,2008-01-11 14:30:00,2008-01-11 19:01:00,0,N658CA,0,COS,CVG,1078,5,0
OH,5654,2008-01-11 06:10:00,2008-01-11 08:14:00,0,N658CA,0,JAX,CVG,614,5,0
OH,4943,2008-01-12 10:35:00,2008-01-12 11:46:00,0,N713CA,0,DTW,CVG,229,6,0
OH,5030,2008-01-12 07:25:00,2008-01-12 08:14:00,0,N785CA,0,LEX,CVG,70,6,0
OH,5037,2008-01-12 07:00:00,2008-01-12 08:10:00,0,N783CA,0,LAN,CVG,258,6,0
OH,5065,2008-01-12 13:50:00,2008-01-12 15:31:00,0,N710CA,0,BWI,CVG,430,6,0
OH,5086,2008-01-12 09:00:00,2008-01-12 11:36:00,0,N689CA,0,FLL,CVG,932,6,0
OH,5099,2008-01-12 08:55:00,2008-01-12 11:27:00,0,N917CA,0,MHT,CVG,741,6,0
OH,5156,2008-01-12 15:30:00,2008-01-12 18:20:00,0,N991cA,0,MSP,CVG,596,6,0
OH,5176,2008-01-12 15:45:00,2008-01-12 18:16:00,0,N378CA,0,RSW,CVG,879,6,0
OH,5228,2008-01-12 15:59:00,2008-01-12 18:50:00,0,N812CA,0,MIA,CVG,948,6,0
OH,5240,2008-01-12 12:25:00,2008-01-12 15:42:00,0,N783CA,0,DFW,CVG,812,6,0
OH,5302,2008-01-12 09:25:00,2008-01-12 11:41:00,0,N629BR,0,STL,CVG,307,6,0
OH,5306,2008-01-12 13:20:00,2008-01-12 15:54:00,0,N796CA,0,BHM,CVG,396,6,0
OH,5314,2008-01-12 08:35:00,2008-01-12 11:16:00,0,N958CA,0,PWM,CVG,810,6,0
OH,5377,2008-01-12 14:29:00,2008-01-12 16:05:00,0,N595SW,0,RDU,CVG,390,6,0
OH,5388,2008-01-12 14:08:00,2008-01-12 16:22:00,0,N669CA,0,MCO,CVG,756,6,0
OH,5427,2008-01-12 06:45:00,2008-01-12 08:00:00,0,N804CA,0,GRR,CVG,268,6,0
OH,5435,2008-01-12 10:00:00,2008-01-12 11:42:00,0,N927CA,0,RDU,CVG,390,6,0
OH,5474,2008-01-12 12:30:00,2008-01-12 15:16:00,0,N999CA,0,MSP,CVG,596,6,0
OH,5477,2008-01-12 06:34:00,2008-01-12 08:25:00,0,N658CA,0,ORF,CVG,485,6,0
OH,5574,2008-01-12 08:00:00,2008-01-12 11:32:00,0,N430CA,0,AUS,CVG,958,6,0
OH,5598,2008-01-12 14:55:00,2008-01-12 15:41:00,0,N954CA,0,LEX,CVG,70,6,0
OH,5614,2008-01-12 12:10:00,2008-01-12 15:34:00,0,N868CA,0,IAH,CVG,871,6,0
OH,5682,2008-01-12 15:30:00,2008-01-12 18:42:00,0,N708CA,0,MSY,CVG,700,6,0
OH,4945,2008-01-13 10:58:00,2008-01-13 12:40:00,0,N868CA,0,IAD,CVG,388,7,0
OH,4953,2008-01-13 14:55:00,2008-01-13 16:04:00,0,N779CA,0,DTW,CVG,229,7,0
OH,4959,2008-01-13 07:35:00,2008-01-13 09:51:00,0,N523CA,0,BNA,CVG,230,7,0
OH,4985,2008-01-13 10:10:00,2008-01-13 12:28:00,0,N398CA,0,PHL,CVG,507,7,0
OH,5000,2008-01-13 07:00:00,2008-01-13 09:48:00,0,N785CA,0,OMA,CVG,614,7,0
OH,5071,2008-01-13 06:55:00,2008-01-13 08:00:00,0,N954CA,0,TRI,CVG,216,7,0
OH,5084,2008-01-13 11:15:00,2008-01-13 14:57:00,0,N784CA,0,SAT,CVG,1024,7,0
OH,5089,2008-01-13 06:00:00,2008-01-13 08:18:00,0,N805CA,0,JFK,CVG,589,7,0
OH,5125,2008-01-13 07:35:00,2008-01-13 10:08:00,0,N518CA,0,SGF,CVG,491,7,0
OH,5144,2008-01-13 07:25:00,2008-01-13 10:11:00,0,N371CA,0,MIA,CVG,948,7,0
OH,5156,2008-01-13 15:30:00,2008-01-13 18:20:00,0,N528CA,0,MSP,CVG,596,7,0
OH,5174,2008-01-13 16:00:00,2008-01-13 18:25:00,0,N933CA,0,CID,CVG,419,7,0
OH,5194,2008-01-13 11:10:00,2008-01-13 12:16:00,0,N812CA,0,TYS,CVG,226,7,0
OH,5242,2008-01-13 14:45:00,2008-01-13 15:55:00,0,N729CA,0,TYS,CVG,226,7,0
OH,5306,2008-01-13 13:51:00,2008-01-13 16:20:00,0,N941CA,0,BHM,CVG,396,7,0
OH,5371,2008-01-13 17:58:00,2008-01-13 20:09:00,0,N779CA,0,BNA,CVG,230,7,0
OH,5388,2008-01-13 11:50:00,2008-01-13 14:23:00,0,N690CA,0,PBI,CVG,892,7,0
OH,5427,2008-01-13 06:45:00,2008-01-13 08:00:00,0,N709CA,0,GRR,CVG,268,7,0
OH,5453,2008-01-13 05:50:00,2008-01-13 08:22:00,0,N595SW,0,BTV,CVG,702,7,0
OH,5477,2008-01-13 06:34:00,2008-01-13 08:25:00,0,N815CA,0,ORF,CVG,485,7,0
OH,5534,2008-01-13 07:00:00,2008-01-13 09:54:00,0,N391CA,0,MSP,CVG,596,7,0
OH,5597,2008-01-13 12:10:00,2008-01-13 14:29:00,0,N442CA,0,BNA,CVG,230,7,0
OH,5615,2008-01-13 07:30:00,2008-01-13 10:13:00,0,N588SW,0,BOS,CVG,752,7,0
OH,5642,2008-01-13 07:15:00,2008-01-13 07:53:00,0,N409CA,0,DAY,CVG,64,7,0
OH,5668,2008-01-13 17:10:00,2008-01-13 19:15:00,0,N796CA,0,JAX,CVG,614,7,0
OH,5682,2008-01-13 15:20:00,2008-01-13 18:32:00,0,N868CA,0,MSY,CVG,700,7,0
OH,5689,2008-01-13 05:50:00,2008-01-13 08:25:00,0,N960CA,0,MHT,CVG,741,7,0
OH,5025,2008-01-14 15:40:00,2008-01-14 18:29:00,0,N819CA,0,OMA,CVG,614,1,0
OH,5065,2008-01-14 13:00:00,2008-01-14 14:46:00,0,N597SW,0,BWI,CVG,430,1,0
OH,5105,2008-01-14 13:50:00,2008-01-14 16:08:00,0,N676CA,0,ORD,CVG,264,1,0
OH,5133,2008-01-14 17:10:00,2008-01-14 18:21:00,0,N398CA,0,PIT,CVG,256,1,0
OH,5142,2008-01-14 17:05:00,2008-01-14 18:56:00,0,N588SW,0,SAV,CVG,515,1,0
OH,5155,2008-01-14 17:37:00,2008-01-14 19:59:00,0,N966CA,0,ATW,CVG,411,1,0
OH,5156,2008-01-14 15:30:00,2008-01-14 18:20:00,0,N916CA,0,MSP,CVG,596,1,0
OH,5173,2008-01-14 13:55:00,2008-01-14 15:37:00,0,N691CA,0,DCA,CVG,411,1,0
OH,5175,2008-01-14 13:40:00,2008-01-14 14:41:00,0,N916CA,0,CVG,MSP,596,1,0
OH,5242,2008-01-14 14:45:00,2008-01-14 15:55:00,0,N712CA,0,TYS,CVG,226,1,0
OH,5252,2008-01-14 07:00:00,2008-01-14 08:07:00,0,N868CA,0,TYS,CVG,226,1,0
OH,5260,2008-01-14 10:09:00,2008-01-14 12:51:00,0,N798CA,0,MCI,CVG,539,1,0
OH,5302,2008-01-14 10:10:00,2008-01-14 12:21:00,0,N819CA,0,STL,CVG,307,1,0
OH,5325,2008-01-14 13:25:00,2008-01-14 15:45:00,0,N941CA,0,BDL,CVG,661,1,0
OH,5347,2008-01-14 05:50:00,2008-01-14 07:57:00,0,N589SW,0,SYR,CVG,527,1,0
OH,5367,2008-01-14 17:35:00,2008-01-14 20:21:00,0,N918CA,0,BGR,CVG,906,1,0
OH,5379,2008-01-14 11:14:00,2008-01-14 12:40:00,0,N960CA,0,GSO,CVG,330,1,0
OH,5428,2008-01-14 17:20:00,2008-01-14 18:51:00,0,N814CA,0,GSO,CVG,330,1,0
OH,5443,2008-01-14 12:50:00,2008-01-14 14:30:00,0,N526CA,0,IAD,CVG,388,1,0
OH,5543,2008-01-14 13:28:00,2008-01-14 15:55:00,0,N391CA,0,LGA,CVG,585,1,0
OH,5604,2008-01-14 17:30:00,2008-01-14 18:38:00,0,N721CA,0,GRR,CVG,268,1,0
OH,5629,2008-01-14 14:22:00,2008-01-14 15:18:00,0,N798CA,0,CRW,CVG,173,1,0
OH,5657,2008-01-14 06:50:00,2008-01-14 08:03:00,0,N958CA,0,CLE,CVG,221,1,0
OH,4946,2008-01-15 06:10:00,2008-01-15 08:38:00,0,N669CA,0,BDL,CVG,661,2,0
OH,5025,2008-01-15 15:40:00,2008-01-15 18:29:00,0,N957CA,0,OMA,CVG,614,2,0
OH,5065,2008-01-15 13:00:00,2008-01-15 14:46:00,0,N819CA,0,BWI,CVG,430,2,0
OH,5092,2008-01-15 16:07:00,2008-01-15 18:44:00,0,N691CA,0,BOS,CVG,752,2,0
OH,5095,2008-01-15 13:00:00,2008-01-15 14:08:00,0,N912CA,0,LAN,CVG,258,2,0
OH,5155,2008-01-15 17:37:00,2008-01-15 19:59:00,0,N436CA,0,ATW,CVG,411,2,0
OH,5157,2008-01-15 18:15:00,2008-01-15 20:04:00,0,N812CA,0,ROC,CVG,461,2,0
OH,5240,2008-01-15 11:10:00,2008-01-15 14:18:00,0,N669CA,0,DFW,CVG,812,2,0
OH,5303,2008-01-15 06:15:00,2008-01-15 08:08:00,0,N526CA,0,ABE,CVG,503,2,0
OH,5308,2008-01-15 13:49:00,2008-01-15 16:00:00,0,N528CA,0,BNA,CVG,230,2,0
OH,5340,2008-01-15 18:00:00,2008-01-15 18:42:00,0,N719CA,0,DAY,CVG,64,2,0
OH,5433,2008-01-15 17:10:00,2008-01-15 18:57:00,0,N735CA,0,BWI,CVG,430,2,0
OH,5441,2008-01-15 12:05:00,2008-01-15 14:29:00,0,N927CA,0,STL,CVG,307,2,0
OH,5459,2008-01-15 19:20:00,2008-01-15 20:15:00,0,N797CA,0,CMH,CVG,116,2,0
OH,5553,2008-01-15 13:47:00,2008-01-15 16:03:00,0,N442CA,0,MKE,CVG,318,2,0
OH,5607,2008-01-15 15:30:00,2008-01-15 18:44:00,0,N796CA,0,BOS,JAX,1011,2,0
OH,5668,2008-01-15 17:10:00,2008-01-15 19:12:00,0,N690CA,0,JAX,CVG,614,2,0
OH,5689,2008-01-15 05:50:00,2008-01-15 08:25:00,0,N964CA,0,MHT,CVG,741,2,0
OH,4953,2008-01-16 14:55:00,2008-01-16 16:04:00,0,N815CA,0,DTW,CVG,229,3,0
OH,4974,2008-01-16 10:10:00,2008-01-16 12:40:00,0,N708CA,0,PVD,CVG,722,3,0
OH,4982,2008-01-16 07:20:00,2008-01-16 09:47:00,0,N447CA,0,ATW,CVG,411,3,0
OH,5025,2008-01-16 15:40:00,2008-01-16 18:29:00,0,N954CA,0,OMA,CVG,614,3,0
OH,5028,2008-01-16 07:30:00,2008-01-16 10:07:00,0,N709CA,0,MEM,CVG,403,3,0
OH,5061,2008-01-16 19:00:00,2008-01-16 20:15:00,0,N435CA,0,DTW,CVG,229,3,0
OH,5065,2008-01-16 13:00:00,2008-01-16 14:46:00,0,N991cA,0,BWI,CVG,430,3,0
OH,5069,2008-01-16 14:50:00,2008-01-16 15:30:00,0,N659BR,0,DAY,CVG,64,3,0
OH,5071,2008-01-16 06:55:00,2008-01-16 08:00:00,0,N784CA,0,TRI,CVG,216,3,0
OH,5094,2008-01-16 16:15:00,2008-01-16 18:39:00,0,N443CA,0,ORD,CVG,264,3,0
OH,5130,2008-01-16 11:20:00,2008-01-16 12:25:00,0,N376CA,0,PIT,CVG,256,3,0
OH,5142,2008-01-16 17:05:00,2008-01-16 18:56:00,0,N999CA,0,SAV,CVG,515,3,0
OH,5173,2008-01-16 13:55:00,2008-01-16 15:37:00,0,N676CA,0,DCA,CVG,411,3,0
OH,5176,2008-01-16 16:30:00,2008-01-16 19:02:00,0,N371CA,0,RSW,CVG,879,3,0
OH,5177,2008-01-16 06:20:00,2008-01-16 08:11:00,0,N965CA,0,SAV,CVG,515,3,0
OH,5178,2008-01-16 15:25:00,2008-01-16 19:04:00,0,N973CA,0,SAT,CVG,1024,3,0
OH,5206,2008-01-16 10:17:00,2008-01-16 12:40:00,0,N678CA,0,BOS,CVG,752,3,0
OH,5233,2008-01-16 10:51:00,2008-01-16 12:45:00,0,N815CA,0,SYR,CVG,527,3,0
OH,5257,2008-01-16 17:47:00,2008-01-16 20:15:00,0,N915CA,0,EWR,CVG,569,3,0
OH,5267,2008-01-16 11:15:00,2008-01-16 14:01:00,0,N999CA,0,OMA,CVG,614,3,0
OH,5276,2008-01-16 07:00:00,2008-01-16 09:55:00,0,N915CA,0,TUL,CVG,646,3,0
OH,5286,2008-01-16 06:15:00,2008-01-16 07:46:00,0,N815CA,0,GSO,CVG,330,3,0
OH,5367,2008-01-16 17:35:00,2008-01-16 20:21:00,0,N716CA,0,BGR,CVG,906,3,0
OH,5371,2008-01-16 17:58:00,2008-01-16 20:09:00,0,N933CA,0,BNA,CVG,230,3,0
OH,5423,2008-01-16 16:25:00,2008-01-16 18:36:00,0,N739CA,0,BNA,CVG,230,3,0
OH,5427,2008-01-16 06:45:00,2008-01-16 08:00:00,0,N920CA,0,GRR,CVG,268,3,0
OH,5428,2008-01-16 17:20:00,2008-01-16 18:51:00,0,N442CA,0,GSO,CVG,330,3,0
OH,5433,2008-01-16 17:10:00,2008-01-16 18:57:00,0,N374CA,0,BWI,CVG,430,3,0
OH,5434,2008-01-16 16:03:00,2008-01-16 18:38:00,0,N655CA,0,PBI,CVG,892,3,0
OH,5453,2008-01-16 05:50:00,2008-01-16 08:22:00,0,N443CA,0,BTV,CVG,702,3,0
OH,5468,2008-01-16 11:30:00,2008-01-16 14:08:00,0,N594SW,0,DSM,CVG,505,3,0
OH,5472,2008-01-16 06:30:00,2008-01-16 10:08:00,0,N797CA,0,SAT,CVG,1024,3,0
OH,5474,2008-01-16 11:15:00,2008-01-16 14:07:00,0,N920CA,0,MSP,CVG,596,3,0
OH,5485,2008-01-16 06:20:00,2008-01-16 08:07:00,0,N811CA,0,CHS,CVG,497,3,0
OH,5486,2008-01-16 18:00:00,2008-01-16 18:49:00,0,N972CA,0,LEX,CVG,70,3,0
OH,5539,2008-01-16 20:37:00,2008-01-16 23:22:00,0,N658CA,0,JFK,CVG,589,3,0
OH,5551,2008-01-16 12:00:00,2008-01-16 14:28:00,0,N810CA,0,LGA,CVG,585,3,0
OH,5593,2008-01-16 17:45:00,2008-01-16 20:00:00,0,N689CA,0,PHL,CVG,507,3,0
OH,5598,2008-01-16 14:55:00,2008-01-16 15:41:00,0,N708CA,0,LEX,CVG,70,3,0
OH,5604,2008-01-16 17:30:00,2008-01-16 18:38:00,0,N784CA,0,GRR,CVG,268,3,0
OH,5633,2008-01-16 10:45:00,2008-01-16 12:33:00,0,N590SW,0,RIC,CVG,413,3,0
OH,5642,2008-01-16 07:15:00,2008-01-16 07:53:00,0,N932CA,0,DAY,CVG,64,3,0
OH,5644,2008-01-16 15:25:00,2008-01-16 18:35:00,0,N391CA,0,DFW,CVG,812,3,0
OH,5654,2008-01-16 06:10:00,2008-01-16 08:14:00,0,N669CA,0,JAX,CVG,614,3,0
OH,5657,2008-01-16 06:50:00,2008-01-16 08:03:00,0,N807CA,0,CLE,CVG,221,3,0
OH,5661,2008-01-16 14:45:00,2008-01-16 15:59:00,0,N446CA,0,GRR,CVG,268,3,0
OH,5668,2008-01-16 17:10:00,2008-01-16 19:12:00,0,N398CA,0,JAX,CVG,614,3,0
OH,5677,2008-01-16 07:25:00,2008-01-16 10:04:00,0,N692CA,0,BOS,CVG,752,3,0
OH,5688,2008-01-16 10:05:00,2008-01-16 12:28:00,0,N446CA,0,ATW,CVG,411,3,0
OH,5689,2008-01-16 05:50:00,2008-01-16 08:25:00,0,N957CA,0,MHT,CVG,741,3,0
OH,5696,2008-01-16 07:15:00,2008-01-16 09:55:00,0,N812CA,0,DSM,CVG,505,3,0
OH,5699,2008-01-16 14:50:00,2008-01-16 15:55:00,0,N786CA,0,PIT,CVG,256,3,0
OH,4953,2008-01-17 14:55:00,2008-01-17 16:04:00,0,N958CA,0,DTW,CVG,229,4,0
OH,5000,2008-01-17 07:00:00,2008-01-17 09:48:00,0,N963CA,0,OMA,CVG,614,4,0
OH,5022,2008-01-17 17:45:00,2008-01-17 20:14:00,0,N973CA,0,MEM,CVG,403,4,0
OH,5023,2008-01-17 06:15:00,2008-01-17 08:01:00,0,N797CA,0,MDT,CVG,429,4,0
OH,5065,2008-01-17 13:00:00,2008-01-17 14:46:00,0,N446CA,0,BWI,CVG,430,4,0
OH,5074,2008-01-17 10:00:00,2008-01-17 12:19:00,0,N999CA,0,MKE,CVG,318,4,0
OH,5084,2008-01-17 11:15:00,2008-01-17 14:57:00,0,N956CA,0,SAT,CVG,1024,4,0
OH,5095,2008-01-17 13:00:00,2008-01-17 14:08:00,0,N991cA,0,LAN,CVG,258,4,0
OH,5097,2008-01-17 08:55:00,2008-01-17 10:01:00,0,N595SW,0,GRR,CVG,268,4,0
OH,5100,2008-01-17 15:22:00,2008-01-17 18:48:00,0,N786CA,0,IAH,CVG,871,4,0
OH,5125,2008-01-17 07:35:00,2008-01-17 10:08:00,0,N589SW,0,SGF,CVG,491,4,0
OH,5157,2008-01-17 18:15:00,2008-01-17 20:04:00,0,N685BR,0,ROC,CVG,461,4,0
OH,5166,2008-01-17 20:10:00,2008-01-17 22:31:00,0,N932CA,0,LGA,CVG,585,4,0
OH,5171,2008-01-17 11:10:00,2008-01-17 12:18:00,0,N510CA,0,GRR,CVG,268,4,0
OH,5176,2008-01-17 16:30:00,2008-01-17 19:02:00,0,N642CA,0,RSW,CVG,879,4,0